id,image_text
0,a toy story 
1,a woman cooking in a kitchen.
2,a trash can and a green trash can.
3,a bird vs a woman
4,a woman with long hair and a man with long hair and a man with long.
5,a black background with a white
6,a woman with a fire in the background.
7,a fox sitting on a chair.
8,a woman 
9,a group of robots and a man with a chalk board.
10,a group of people eating food.
11,president person in the oval room of the white house vs the president and first lady of the united states
12,a man smiling for the camera vs  yo
13,a meme in 2019 and a picture of a meme in 2019.
14,a man in a red shirt.
15,a woman wearing a pink and white dress.
16,a cartoon character  vs a woman in a pink dress
17,a man with a beard and glasses.
18,two men in suits and bow ties.
19,a man talking on the phone.
20,a baby and an image of the avengers.
21,the avengers and captain marvel memes.
22,a group of avengers avengers avengers memes avengers memes avengers memes avengers me.
23,"the avengers avengers memes, avengers memes, avengers memes, avengers me vs a man in a room "
24,dead dead dead dead dead dead dead dead dead dead dead dead dead dead dead dead.
25,a man in a dark room.
26,"the avengers avengers memes, avengers comics, avengers memes, avengers memes."
27,captain america  vs a man in a suit and tie
28,"a man in a suit and tie, "
29,a young boy 
30,a man in a top hat and top hat 
31,the avengers movie.
32,a man and a woman talking.
33,the avengers movie still not watched.
34,captain marvel and a picture of captain marvel.
35,a man in the middle of a movie.
36,"a man in a suit and tie, "
37,a woman in a costume and a man in a suit.
38,captain marvel and a photo of the avengers vs captain marvel and a picture of captain marvel
39,a man with a beard 
40,a family  vs a woman standing in front of a mirror
41,a man talking to another man.
42,"a person standing in a room vs avengers avengers memes, avengers memes, avengers memes, avengers memes"
43,a man in a suit and tie vs a man with a beard and a man with a beard and a man with a
44,"avengers avengers memes, avengers memes, avengers memes, avengers memes vs person and person in the avengers movie"
45,"a man in a leather jacket  vs iron man in the avengers movie avengers memes, avengers memes, avengers me"
46,loki and loki 
47,a man in a superman suit  vs a man in a superman costume
48,the avengers ending movie.
49,a man talking to another man.
50,"captain america, captain america, captain america, captain america, captain america, captain."
51,captain america and the avengers.
52,a black man with many different faces.
53,some of the characters in star wars.
54,avengers avengers mememe mememe mememe mememe meme.
55,a man wearing a hat and jacket.
56,a woman smiling and wearing a costume vs a man with a beard and a woman with a beard and a man with a
57,a man with a gun in his hand vs a man with a mustache and glasses
58,a man in a suit talking to another man in a suit.
59,captain america 
60,a man holding a light in his hand vs a mouse and a mouse
61,a man holding a glove.
62,a man with glasses on his face.
63,a man with headphones on.
64,captain america and the avengers vs a group of people sitting on a bench
65,a man in a captain costume.
66,person and iron man from the avengers movie.
67,a woman in a red dress and a man in a black suit.
68,a woman holding a cat.
69,a bunch of superheros and a picture of a bunch of superheros.
70,a woman in the woods vs two people standing in front of a mountain
71,a man standing in the middle of a city.
72,a man in a black hoodie 
73,"avengers avengers memes, avengers memes, avengers memes, avengers memes."
74,a man in a spider suit 
75,captain america and hawke's shield.
76,a man in armor  vs a man sitting on a bench 
77,a man and woman talking to each other people.
78,a man holding a gun.
79,a person sitting on the ground.
80,a man with glasses and a woman with glasses.
81,captain america with the capt vs captain america and the avengers
82,a man in a red coat 
83,a group of superheros 
84,a man in a suit and tie walking with a woman in a red dress.
85,a man in a tuxed tuxed tuxed tuxed tuxed tuxed.
86,a baby in a tuxed tuxed tuxed tuxed tuxed tuxed.
87,a man in a trench coat pointing at the camera.
88,a baby in a tuxed tuxed tuxed tuxed tuxed tuxed.
89,a person sleeping on a couch.
90,a man in a tuxed tuxed tuxed tuxed tuxed tuxed.
91,a baby 
92,a baby in a tuxed suit.
93,a baby in a car seat.
94,a woman with glasses on.
95,a baby in a tuxed tuxed tuxed tuxed tuxed tuxed.
96,a baby in a bathtub.
97,a baby in a tuxed tuxed tuxed tuxed tuxed tuxed.
98,a woman in a white dress and a man in a black suit.
99,yo yo yo yo yo yo yo yo yo yo yo yo yo yo yo yo.
100,a baby sitting on the ground.
101,a baby in a tuxed vs santa claus pointing at the camera
102,a girl 
103,a man in a suit and tie.
104,a little boy in a suit and top hat holding a baseball bat.
105,a man in a tuxed tuxed tuxed tuxed tuxed tuxed.
106,two men in mexican costumes playing guitars.
107,a group of people sitting around a table.
108,a group of people sitting around a table.
109,a man in a suit and tie.
110,person and person from the big bang bang bang bang bang bang bang bang bang bang.
111,a man and a woman in a car.
112,a man in a suit 
113,a man in a suit and tie.
114,a man with long hair and beards in front of a fire vs a man in a suit standing in front of a castle
115,a man with a bald hair and glasses.
116,the face of a person 
117,a man in a suit holding a glass.
118,a man in a suit and tie.
119,a man in a suit talking to another man.
120,a man in a suit holding a glass.
121,a man in a suit and bow tie.
122,a man sitting on a couch.
123,a man in a suit and tie.
124,a man in a suit and tie.
125,two people sitting at a table.
126,a man in a suit and tie.
127,a man standing in front of a building.
128,a man in a suit and tie.
129,a man in a suit.
130,a man sitting on a couch 
131,a man holding a basketball hoop.
132,a man holding a glass of wine.
133,a man in a suit holding a glass.
134,a man holding a glass of champagne.
135,a woman with glasses and a green sweater.
136,a man in a suit sitting on a couch.
137,a man in a suit and tie.
138,two people sitting at a table.
139,a man in a suit and tie.
140,two people sitting on a couch.
141,a man in a suit and tie looking at another man in a suit and tie.
142,a man in a suit and tie.
143,three men sitting on a couch.
144,a man in a suit and tie.
145,a child in a costume.
146,a man in a suit and tie.
147,a group of people sitting around a table.
148,a man and a woman talking to each other people.
149,a bunch of people in a room.
150,a man in a bar 
151,a man in a suit holding a cell.
152,a man in a suit and tie.
153,a man in a car 
154,a doctor talking to a patient.
155,"two men sitting on a couch, one is talking to the other man."
156,a pie with a pie pie pie pie pie pie pie pie pie pie pie pie.
157,"a man holding a sign that says, when you're, you're."
158,a man with glasses and a mustache.
159,a man in a suit standing in a field.
160,a man in a suit and tie 
161,a man with long hair.
162,a woman driving a car.
163,a man with a smile on his face vs a man smiling 
164,a man in a suit and tie.
165,a baby in a pink hat.
166,a man in a suit sitting at a desk.
167,two people sitting in chairs.
168,an elephant and a woman.
169,a man and woman 
170,a black and white poster  vs a man riding a bike
171,a man in a suit and tie.
172,a crowd of people at a concert.
173,a man in a suit and tie.
174,a man in a suit holding a microphone.
175,a man riding on top of a car.
176,a man in a suit and tie.
177,a man in a suit on the beach.
178,a man in a white shirt 
179,a man driving a car vs a man in a car
180,a man sitting on top of a car.
181,a man in a suit standing in a field.
182,a woman and a man sitting on the floor.
183,a man standing in a bathroom.
184,a man riding a motorcycle.
185,a man with a beard and a beard.
186,a man with his hands on his hips.
187,a cat sitting at a table.
188,a man in a suit standing on the beach.
189,a man with a surprised look on his face.
190,a man in a suit and tie.
191,a girl holding a mirror in front of her face.
192,a man in a suit and tie.
193,a man in a suit on the beach.
194,a man with tattoos and a woman with tattoos.
195,a man in a suit and tie vs a man 
196,a man in a blue hoodie sitting on a red couch.
197,a man sitting on a beach chair.
198,a man in a suit walking down the street.
199,a woman drinking a drink vs a man in a suit and tie
200,a birthday card  vs a man in a suit and tie
201,a man with a card in his hand.
202,a man in a suit sitting at a desk.
203,a man in a suit and tie.
204,a man standing on top of a car.
205,a man with red eyes.
206,a man in a suit and tie.
207,a man in a suit and tie.
208,"a man in a suit and tie, "
209,"a man in a black shirt and hat, "
210,a bird  vs a man in a suit and tie
211,two men in military uniforms.
212,a man pointing at something.
213,a man in a suit and tie.
214,a man in a uniform and a man in a suit.
215,a man wearing a suit and tie.
216,a man reading a book vs a black and white poster 
217,a man in a suit and tie.
218,a man in a suit and tie.
219,a man in a red uniform and a man in a suit.
220,an old man with a beard.
221,a man and a cat in a car vs a man with a cat on his shoulder
222,a man in a suit and tie.
223,a man holding a microphone.
224,a man in a suit and tie.
225,a man in a suit and tie.
226,a man holding a camera.
227,a man in a pirate costume.
228,two men in a car.
229,a man in a suit and tie.
230,a man and a woman.
231,"a man with a hat and armband saying, ` i can't see."
232,a woman and a man vs a man with a fake smile on his face
233,a woman and a man vs a white background with a black and white
234,a man holding a teddy bear.
235,a man holding a teddy bear.
236,a man in a suit and tie holding a camera.
237,a man riding a bike.
238,a man in a suit and tie.
239,a man with a beard and a man with a beard.
240,a man with a surprised look on his face vs a man in a suit and tie
241,a man holding a teddy bear.
242,an angel holding a knife vs a man with a bird on his head
243,a man sitting in a chair vs a man in a suit and tie
244,a man driving in a car vs a man in a car
245,a man in a suit 
246,a man wearing a suit and tie.
247,a man in a suit doing a trick.
248,a man with a funny expression.
249,a man in a suit and tie.
250,a man sitting at a table with a cake in front of him.
251,a man holding a camera.
252,a man in a suit and hat.
253,a man wearing a suit and tie.
254,a man in a suit and tie.
255,a man in a suit and tie.
256,a man in a leather jacket.
257,a man in a suit and tie.
258,two men sitting in a courtroom.
259,a man in a medieval costume vs a man in a suit and tie
260,a man in a suit and tie.
261,a british flag  vs a man in a suit holding a drill
262,the teacher's desk 
263,
264,two women 
265,an old man with a hood on his head 
266,a person 
267,
268,
269,a white background 
270,a girl dancing with her friends.
271,a teddy bear 
272,a black and white
273,a black and white
274,a man dancing on the street.
275,sponge sponge sponge sponge sponge sponge sponge sponge sponge sponge sponge sponge sponge sponge sponge sponge.
276,a man in a suit and tie.
277,a group of people sitting around a table.
278,a man holding a gun vs a man with his hands up in the air
279,a girl reading a book vs a soccer player laying on the ground
280,a man and woman sitting at a table.
281,a man holding up a sign.
282,an open book with the title of the blog.
283,a man with tattoos on his face.
284,a group of football players.
285,a black and white
286,a man with a light saber in his hand vs a man in a black shirt 
287,a woman with a guitar.
288,an old typewriter 
289,an old man with a hat on.
290,president donald and a picture of a cartoon character.
291,a snowman and a snowman.
292,a baby in a chair 
293,two people dancing together.
294,a black and white
295,a bird in a cage vs a bird in a cage 
296,a blue background 
297,a group of kids dancing together.
298,a man 
299,a beach 
300,a road 
301,a person standing in front of a sign that reads thank for all the support for.
302,a cat that is looking at the camera.
303,a man with glasses on his face vs a man with glasses and a tie
304,a man in a white shirt with a pink background 
305,a man in a white shirt 
306,a woman with long hair.
307,two cats sleeping on a bed.
308,a black and white cat with green eyes.
309,a book and a stone.
310,a dog with a pink nose.
311,a man in a suit and tie.
312,a cartoon character 
313,a young boy with his hand on his head.
314,a man with a hat and bow tie.
315,a girl in front of a fire.
316,the front of a liquor store.
317,"a man in a suit and tie,  vs people with different facial expressions"
318,two cats sitting on a table.
319,a man with a beard and a woman with a beard.
320,a cat sitting on the floor.
321,two hands holding each other hands.
322,a painting 
323,a cat with blue eyes.
324,a boat and a lighthouse.
325,an owl sitting on top of a table.
326,a dog looking up at the camera.
327,a person wearing a yellow hat.
328,two men standing next to each other men.
329,a person walking down a street.
330,"a sign that says elroy vs a sign that says, raise your hand if you still like tequila"
331,a cat sitting on the ground.
332,"a sign that says elroy vs a sign that says, should i call you or should we resolve it?"
333,a man in uniform and a man in uniform.
334,a man and woman sitting on a couch 
335,a girl with pink hair and blue eyes.
336,a sign that says elo vs a sign that says millennias walking around like they're the place
337,a man with headphones 
338,the president and his wife in front of the capitol.
339,a person wearing a fox mask.
340,a black and white image of a moth 
341,a red bull racing car vs 
342,a young boy in a white shirt and black pants.
343,a tweet 
344,a cop talking to another cop.
345,a man with a beard 
346,a man with dread dread dread dread dread dread dread dread dread dread dread dread dread.
347,a man with a beard 
348,a man in a green caper and a photo of a man in a black vs a man in a plaid shirt
349,a hand holding a soap.
350,a cat sitting on top of a table.
351,people sitting at a table in a restaurant.
352,a pile of clothes on the floor.
353,a man holding a cake vs a cake made to look like a mermaid
354,yo yo yo yo yo yo yo yo yo yo yo yo yo yo yo yo.
355,"a man in a blue shirt and headphones, "
356,a kitten playing with a toy.
357,a person with a hat on.
358,a man 
359,a person with a hat on.
360,bill bill bill bill bill bill bill bill bill bill bill bill bill bill bill bill.
361,a person holding a video game controller.
362,a person with a hat on.
363,a person with a hat on.
364,a person holding a bouquet.
365,a person with a hat on.
366,a person holding a laptop.
367,a person with a hat on.
368,a person with a hat on.
369,a person with a hat on.
370,a person sitting at a desk.
371,a person with a hat on.
372,a person with a hat on.
373,"a man with a hat on his head, "
374,a person with a hat on.
375,a hand holding a cell.
376,a person sitting at a desk.
377,a person with a hat on.
378,a person sitting at a desk 
379,a person with a hat on.
380,a man with a hat on his head.
381,a person with a hat on.
382,a person with a hat on vs a person with a hat in a red circle
383,a person sitting at a desk with a computer.
384,a man 
385,a person with a hat on.
386,a person with a hat on.
387,a person with a hat on.
388,a person holding a computer.
389,a man in a baseball cap laughing.
390,a man with a knife in his hand.
391,a person with a hat on.
392,one does privacy.
393,two people holding hands 
394,a man and a woman holding hands.
395,a man with glasses and a smile on his face.
396,a man in a suit and tie.
397,a person with a hat on.
398,one does not simply pays on time.
399,a man and woman holding hands 
400,a hand holding a cell.
401,a man wearing a hat and holding a guitar.
402,a woman with curly hair.
403,a man and a woman with sunglasses on.
404,a man with money on his face.
405,a stick figure holding a sign that says ` ` ` ` ` ` ` `.
406,a man in a cave 
407,a man in a white shirt.
408,"a man and woman holding hands, "
409,a green background 
410,a man in a suit and tie.
411,a man standing in front of a podium.
412,a man in a sweater 
413,a woman with long blonde hair.
414,a man in a purple suit and top hat.
415,a woman in a red dress singing into a microphone.
416,a man drinking a beer.
417,a man with his hands up in the air.
418,a football player on the field.
419,a man in a suit and tie.
420,a man 
421,a man 
422,a truck 
423,a person with a hat on.
424,a woman with her mouth open 
425,a person with a hat on.
426,a man sitting at a desk with a computer.
427,a man talking on the phone vs a man in a suit and tie
428,a person with a hat on.
429,a man with a smile on his face.
430,a person with a hat on.
431,a woman sitting at a table.
432,a person with a hat on.
433,a person with a hat on.
434,a man with a hat and
435,a person with a hat and
436,a person with a hat on.
437,a person with a hat on.
438,a person sitting at a desk.
439,a man with a mustache 
440,a sticker 
441,a person with a hat and rain.
442,a man with a beard.
443,some people playing a game.
444,a cartoon character 
445,a person with a hat on.
446,a person sitting at a desk 
447,a man with a smile on his face.
448,a car 
449,a cartoon character 
450,a cartoon character  vs a sticker
451,a cartoon character with headphones on.
452,a person with a hat on.
453,one does to simply vote you no register first.
454,a group of people sitting around a table.
455,a young boy with a smile on his face.
456,"a man driving a car  vs a man smoking a cigarette in the back seat of a cara man driving a car , a man smoking a cigarette in the back seat of a car, a man in the back seat of a car with smoke coming out of it"
457,two men talking in a room.
458,a man in a green shirt.
459,a guy 
460,a guy with a hat on.
461,a man on a tv screen.
462,a man sitting in front of a computer.
463,two people sitting on a couch.
464,a man and a woman hugging in a kitchen vs a man and woman in a bathroom
465,two people dressed as the flash and the flash vs two people dressed as the flash
466,a man in a blue shirt.
467,a girl with a big smile on her face.
468,a man with a smile on his face.
469,a man in a blue shirt sitting on a couch.
470,a man in a t - shirt that says it's asme that everything.
471,a man sitting in a chair.
472,the big bang bang bang bang bang bang bang bang bang bang bang bang bang bang.
473,a group of people 
474,a man sitting in front of a computer.
475,a man in a red shirt.
476,a man in a car.
477,a woman in a kitchen vs a man in a blue jacket
478,a man and a woman laughing.
479,a man sitting in front of a computer.
480,a woman holding a laptop.
481,a man with a big bang theory.
482,a bunch of people in a room.
483,a man in a car.
484,a woman holding a cigarette vs a woman in a blue dress
485,a person sitting at a table.
486,a group of people posing for the camera.
487,a man in a santa hat and a woman in a purple shirt.
488,two women talking to each other women.
489,three men sitting on a couch.
490,a man holding a bottle.
491,the big bang bang bang bang bang bang bang bang bang bang bang bang bang bang.
492,a woman sitting at a table  vs a woman in a kitchen
493,a woman talking to a man.
494,a group of people sitting around a table.
495,a woman in a red dress and a man in a suit.
496,a man in a blue jacket and tie.
497,a man sitting in a chair.
498,a girl with glasses and
499,a man talking on a phone.
500,a boy singing into a microphone.
501,a man in a green shirt and a man in a green shirt with a green.
502,a man with a pencil in his mouth.
503,a bunch of people with the names of their names.
504,a woman with long blonde hair 
505,a man in a blue shirt and a man in a blue shirt 
506,a man and a woman in formal attire.
507,the big bang theory.
508,a woman with long blonde hair.
509,a man sitting on a couch 
510,a group of people standing in a room.
511,a man and woman sitting on a bed.
512,a man and a woman in a room.
513,a man holding a rope.
514,two kittens playing with each other kittens.
515,a cat laying on a blanket.
516,a cat sleeping on a couch.
517,a kitten with a capt.
518,a dog and a cat.
519,a cat laying on a bed.
520,a cat sitting on a couch.
521,the best cat names vs a black and white cat
522,a black cat with green eyes.
523,a cat sitting in a bag.
524,a kitten sitting on a table.
525,a cat sitting on top of a chair vs a cat in a suit and tie
526,a cat wearing a santa hat.
527,two cats and one cat is looking at the camera.
528,a cat in a bathtub vs a cat sitting on the floor
529,a black cat 
530,two cats in a blanket.
531,a cat looking out the window.
532,a kitten playing with a toy.
533,a cat with the caption of 
534,a cat laying on top of a couch.
535,a white cat with a black and white face.
536,a cat sitting in a car.
537,a cat laying on the ground.
538,a cat with a cigarette in its mouth.
539,two kittens playing with each other kittens.
540,two cats sitting on top of each other cats.
541,a white cat with green eyes.
542,a cat with blue eyes.
543,a cat wearing glasses.
544,a cat in a box.
545,a cat sitting on top of a red couch vs a cat that is sitting in a chair
546,a cat that is looking up at the camera.
547,a cat sitting on a couch.
548,a white cat with blue eyes vs a white cat sitting on top of a bed
549,a cat sitting at a table.
550,a cat wearing a birthday hat.
551,a cat looking up at the camera.
552,a cat laying on its back on a couch.
553,a cat playing with a mouse.
554,a cat that is looking at the camera.
555,a cat with its tongue sticking out.
556,a kitten sitting in the snow.
557,a cat and a picture of a dog vs a cat 
558,a cat playing with a toy.
559,a cat laying in the grass.
560,a cat wearing a medieval costume.
561,a cat jumping in the air.
562,a kitten sleeping in someone's lap.
563,a cat sitting on top of a table.
564,a cat sleeping in a bowl.
565,a cat sitting on the floor.
566,a cat with a finger on it.
567,a kitten sitting on top of a table.
568,a cat that is standing on a table.
569,a cat sleeping on a bed vs a white cat with blue eyes
570,a bird in a nest vs a cat laying on top of a box
571,a cat sitting on a couch.
572,a cat that is looking at the camera.
573,a kitten sitting in a green bowl.
574,a cat's face.
575,a cat wearing a hoodie.
576,a cat laying on a couch.
577,a cat laying on a bed.
578,a black and white cat.
579,a cat sitting on a couch.
580,a cat with a capt.
581,a cat in the snow.
582,a cat that is looking at the camera.
583,a cat playing with a toy.
584,a cartoon character  vs a cat that is looking at the camera
585,a cat laying on top of a bed.
586,a person holding a cat.
587,a bunch of cats in a doorway.
588,a cat looking up at the camera.
589,a cat sitting on the floor.
590,a cat with a camera.
591,a cat sitting on the floor vs a cat that is looking at the camera
592,a cat sitting in a basket.
593,a cat that is looking at the camera.
594,a cat with glasses on it's face.
595,a cat sitting on top of a bed vs a cat laying on the floor
596,a kitten being held by someone.
597,a cat with its mouth open.
598,a cat sitting on top of a table.
599,a cat and a dog.
600,a cat laying on the ground.
601,a cat sitting on a couch.
602,a dog vs a grey cat with yellow eyes
603,a cat with a slice of bread.
604,a cat that is looking at the camera.
605,a cat sitting at a desk.
606,two cats laying on top of each other cats.
607,a cat that is looking at the camera.
608,two cats sleeping together.
609,a cat sitting on the floor.
610,a cat looking up at the camera.
611,a kitten sleeping in a person's hand.
612,a cat with a glove on it's head.
613,a cat sitting on top of a table.
614,a cat and a bird.
615,a cat sitting on the floor.
616,a cat that is looking at the camera.
617,a cat sitting on top of a pole.
618,a cat sitting on a bed.
619,two cats sitting on a couch.
620,a cat sitting on a couch.
621,a kitten sitting on top of a bed.
622,a cat in a plastic bag.
623,a cat sitting on a couch.
624,a cat laying on a bed.
625,a cat with a capt.
626,two cats laying on top of a cat bed.
627,a cat sitting on a table.
628,an egg on a bed vs a cat with an egg on it's head
629,a dog and a cat on a bed.
630,a cat that is laying on a bed vs a cat laying on a bed
631,a cat licking at a pizza.
632,a dog with its tongue out vs a cat with a capt
633,a man in a suit and tie vs a cat and a dog playing together
634,a baby laying on a couch next to a dog.
635,a cat playing with a mouse.
636,a cat laying on the floor.
637,three dogs and a cat on a couch.
638,two cats wearing party hats.
639,a cat wearing a birthday hat.
640,a cat sitting on top of a rock.
641,a cat that is sitting on the floor.
642,a dog and a cat in the grass.
643,a cat with a fire in the background.
644,a kitten sitting on top of a table.
645,a cat laying on the floor.
646,a cat playing with a fish.
647,a cat laying on a couch.
648,a person doing a trick.
649,a dog and a cat on a couch.
650,a black and white cat.
651,two kittens standing next to each other kittens.
652,a cat sitting on a chair.
653,a cat with flowers in it's mouth.
654,a cat that is looking at the camera.
655,a kitten sitting on top of a shelf.
656,a man holding a cat.
657,a cat with a rainbow in the background.
658,a cat 
659,a cat that is looking at the camera.
660,a cat sitting on a chair.
661,a person holding a cat.
662,a cat with its paws up vs a kitten that is looking at the camera
663,a cat wearing a sweater.
664,a cat sleeping on the ground.
665,a cat playing with a toy.
666,a cat with its tongue out.
667,two cats playing with each other cats.
668,a cat and a dog.
669,a cat that is looking at the camera.
670,a cat laying on a couch.
671,two cats playing with each other cats.
672,a kitten that is looking at the camera.
673,a cat sitting on a bed.
674,a cat.
675,a cat on a dock.
676,a cat and a box of mcdonald.
677,a cat sitting on the floor.
678,a cat sleeping on a tread.
679,a cat sitting in front of a fire.
680,two kittens sitting on a bed.
681,a black cat with its tongue out.
682,a cat that is looking up at the camera.
683,a cat with glowing eyes.
684,a cat  vs a cat looking up at the camera
685,a cat laying on the floor.
686,a cat with its mouth open.
687,a cat that is looking at the camera.
688,the avengers avengers memes.
689,a woman sitting in a chair.
690,a man and a woman in a kitchen.
691,a man in a bathtub vs a man and woman in a kitchen
692,two men and a woman in a room.
693,a man and a woman sitting at a table.
694,a man sitting on a couch talking on a phone.
695,a woman with long blonde hair vs a girl with long blonde hair 
696,a man reading a book.
697,a woman and a man in a bar vs a man and woman sitting on a couch 
698,two men talking to each other man.
699,a man in a bath tub.
700,a man sitting at a table.
701,"a woman in a room with a sign that says going to london doing, not."
702,a man in a blue shirt vs a man in a blue shirt and a woman in a red shirt 
703,"two men in a kitchen, one is talking to the other man."
704,a woman standing next to a man.
705,a woman in a red shirt and a man in a black suit with the capt.
706,an image of a person 
707,a man talking to a woman.
708,a man in a suit and tie.
709,a man hugging a woman.
710,a man wearing a santa hat.
711,a woman talking to a man vs a man and woman talking to each other people
712,a woman 
713,a man and woman sitting on a couch.
714,a man in a kitchen.
715,a man and woman talking to each other people.
716,person and person in the big bang vs person and person from the movie `
717,a man and a woman in a kitchen.
718,a man talking to another man.
719,a group of people standing in a room.
720,a man in a white shirt 
721,"two men sitting on a couch vs two people in a living roomtwo men sitting on a couch, two people in a living room, two men sitting on a couch"
722,a man in a suit and tie.
723,a man with glasses and a woman with glasses.
724,a house and a speaker on a pole vs a tree 
725,a man and a woman in a room.
726,a man sitting at a table vs a man and woman sitting on a couch
727,a man in a blue shirt vs a man talking to another man
728,two men wearing birthday hats.
729,a man with different facial expressions.
730,a man and woman hugging.
731,a man holding a gun.
732,a man wearing a cowboy hat.
733,a man giving a thumbs.
734,a man with a gun in his hand.
735,a man with a gun in his hand.
736,a man sitting in a chair.
737,a man with a beard and a red and yellow flag.
738,a man talking on a phone.
739,a man with a gun.
740,a man with long hair and beards.
741,a man with a smile on his face.
742,a man in a suit and tie laughing.
743,a man holding two guns.
744,a man with a shirt on.
745,a man in a military uniform.
746,a man in a suit smiling.
747,a man with dread dread dread dread dread dread dread dread dread dread dread dread dread.
748,a man in military uniform.
749,an older man in military uniform.
750,a man in a suit and tie.
751,a man with a thumbs up.
752,two rocks in the ocean.
753,a man with no shirt and no shirt.
754,"a purple background with a geometric pattern vs a man wearing a cowboy hata purple background with a geometric pattern, a man wearing a cowboy hat, a purple background with a geometric pattern"
755,a man holding two guns.
756,a man in a cowboy hat.
757,a man giving a thumbs up.
758,a man in the woods 
759,a man climbing on a rock.
760,a man pointing a gun at a car.
761,a man holding two guns.
762,a man with a beard 
763,a woman with her arms crossed.
764,a man wearing a cowboy hat 
765,a man in a cowboy hat  vs a man in a pirate costume with a sword
766,a man wearing a cowboy hat.
767,a man wearing a cowboy hat.
768,a man holding two guns.
769,a man holding a horse vs a man with a gun in his hand
770,a man wearing a cowboy hat.
771,a man in a white shirt vs a statue of a person holding a flower
772,a man in a suit holding a gun.
773,a man with a beard and an image of hulk.
774,a man in a purple shirt.
775,a man in a blue shirt.
776,a man in a black shirt.
777,a man in a black shirt with his arms crossed.
778,a man in uniform with an american flag.
779,a man wearing a cowboy hat.
780,two trucks driving down the road.
781,a man with a shirt on.
782,a man in a tank top.
783,a man with a beard 
784,a man wearing a cowboy hat.
785,a man with a beer in his hand.
786,a man in a suit and tie.
787,a man holding a gun.
788,a man holding a dog.
789,a smiling person 
790,"a man with glasses and a shirt that says, ` ` ` ` ` `."
791,a person standing in front of a screen 
792,a man sitting in the back of a car.
793,a man in a tuxed tuxed tuxed tuxed tuxed tuxed.
794,a child sitting on top of a car.
795,a man with a beard and a sword.
796,a man with long hair wearing a hat.
797,a man in a top hat and face paint.
798,a man in a maroon shirt.
799,a man in a black suit and white hair.
800,a man with his head in his hands.
801,a man in a suit and tie 
802,a man with a mustache and a picture of a man with a mustache.
803,a man wearing a hat and glasses vs a man wearing sunglasses and a hat
804,a cartoon of a man with a gun.
805,a man on a horse 
806,a woman's face 
807,the president talking on the phone.
808,two people walking down a road with
809,the sky with clouds in the background vs a man kneeling on a bench 
810,a group of men drinking wine.
811,a man in a red shirt pointing at the camera.
812,a man with long hair and beards.
813,a man in a hat.
814,a group of people toasting wine glasses vs a television screen with the title'the adventures of the jungle '
815,a man on a bicycle talking to a woman.
816,a car that is stuck in the mud.
817,a man in a cowboy hat.
818,two men in suits and hats.
819,a man with a guitar.
820,a woman sitting at a table.
821,a group of girls sitting in the back of a car vs a woman sitting in the back of a truck
822,a man in a white sweater.
823,the earth with the sun in the background.
824,a man with long hair and a beard.
825,a man with a hat on.
826,president obama giving a speech.
827,a black and white vs  sponge
828,an old man 
829,a man in a car 
830,a man in a red shirt pointing at the camera.
831,a man with a long beard.
832,a man with glasses 
833,one does to simy into birmingham.
834,one does not simply like wayn - one does not simply like wayn one.
835,a man with a beard that says we all make mistakes on be yourself vs a man in a suit and tie
836,a man wearing a cowboy hat.
837,a man in a tuxed tuxed tuxed tuxed tuxed tuxed.
838,people sitting around a fire.
839,two men fighting 
840,a man with glasses on.
841,a man with a funny expression on his face.
842,a person in a suit and tie.
843,a man in a leather jacket 
844,a monkey on the beach vs a horse 
845,a man playing a guitar.
846,a man sitting at a table.
847,a man with a beard and sunglasses.
848,a man wearing a cowboy hat.
849,a cat that is looking at the camera.
850,a woman with her mouth open 
851,a person riding an atv.
852,a man sitting on a bench 
853,a man holding a fish.
854,a man playing a guitar.
855,a man standing next to a tree.
856,a man 
857,a football player with a happy birthday message.
858,a person giving a thumbs.
859,a man wearing a cowboy hat vs a man sitting on a bench in front of a barn
860,a man in a suit and tie 
861,a man wearing a cowboy hat.
862,a man holding a can of soda.
863,a man playing a guitar.
864,a kid 
865,a man with long hair and a beard.
866,a man sitting in a chair.
867,a man wearing a cowboy hat.
868,a woman in an orange jacket.
869,a man  vs a man and a woman in a car
870,two women and a man wearing sunglasses.
871,a bear sitting in the grass.
872,a couple dancing in the woods.
873,a man holding a torch in his hand.
874,a man in a cowboy hat singing into a microphone.
875,donald and hillary on the same page vs hillary sanders 
876,a man with a clock on his face.
877,a young boy in a white shirt.
878,north korean leader kim jong kim jong kim jong kim jong kim jong kim jong kim.
879,a man in a suit and tie.
880,a man playing a guitar.
881,a man with no shirt and no shirt.
882,a man wearing a cowboy hat.
883,two men laughing at each other man.
884,a man wearing a cowboy hat.
885,a woman with long black hair.
886,a group of people singing together vs an old man with a hat on
887,a man with his arms crossed.
888,a man in a black hoodie and a woman in a black hoodie with.
889,a person jumping in the air.
890,a dead dead dead dead dead dead dead dead dead dead dead dead dead dead dead.
891,dead dead dead dead dead dead dead dead dead dead dead dead dead dead dead dead.
892,dead dead dead dead dead dead dead dead dead dead dead dead dead dead dead dead.
893,a dead dead dead dead dead dead dead dead dead dead dead dead dead dead dead.
894,a dead dead dead dead dead dead dead dead dead dead dead dead dead dead dead.
895,a person riding a horse.
896,dead dead dead dead dead dead dead dead dead dead dead dead dead dead dead dead.
897,a man with glasses and a dead vs a man in a bar
898,dead dead dead dead dead dead dead dead dead dead dead dead dead dead dead dead.
899,dead dead dead dead dead dead dead dead dead dead dead dead dead dead dead dead.
900,dead dead dead dead dead dead dead dead dead dead dead dead dead dead dead dead.
901,dead dead dead dead dead dead dead dead dead dead dead dead dead dead dead dead.
902,a dead dead dead dead dead dead dead dead dead dead dead dead dead dead dead.
903,dead dead dead dead dead dead dead dead dead dead dead dead dead dead dead dead.
904,dead dead dead dead dead dead dead dead dead dead dead dead dead dead dead dead.
905,a man in a green lantern costume pointing at another man in a green lantern costume.
906,a dead vs  dead
907,a man with a goat on his head vs a person standing in the middle of a tunnel
908,dead dead dead dead dead dead dead dead dead dead dead dead dead dead dead dead.
909,a dead dead dead dead dead dead dead dead dead dead dead dead dead dead dead.
910,a dead dead dead dead dead dead dead dead dead dead dead dead dead dead dead.
911,a dead dead dead dead dead dead dead dead dead dead dead dead dead dead dead.
912,dead dead dead dead dead dead dead dead dead dead dead dead dead dead dead dead.
913,batman and bat vs batman and batman's face
914, dead vs spider and spider - man kissing
915,a spider and a dead vs spider and deadpool kissing
916,a dead dead dead dead dead dead dead dead dead dead dead dead dead dead dead.
917,a dead dead dead dead dead dead dead dead dead dead dead dead dead dead dead.
918,"a man in a city, "
919,a man with long hair and beards holding a sword.
920,dead dead dead dead dead dead dead dead dead dead dead dead dead dead dead dead.
921,a dead dead dead dead dead dead dead dead dead dead dead dead dead dead dead.
922,dead dead dead dead dead dead dead dead dead dead dead dead dead dead dead dead.
923,dead dead dead dead dead dead dead dead dead dead dead dead dead dead dead dead.
924,a spider and a dead dead dead dead dead dead dead dead dead dead dead dead.
925,a cartoon character 
926,"the avengers avengers memes, avengers memes, avengers memes, person,."
927,dead dead dead dead dead dead dead dead dead dead dead dead dead dead dead dead.
928,dead dead dead dead dead dead dead dead dead dead dead dead dead dead dead dead.
929,dead dead dead dead dead dead dead dead dead dead dead dead dead dead dead dead.
930,a couple in front of a clock.
931,deadpool and deadpool deadpool deadpool deadpool deadpool deadpool dead.
932,a dead dead dead dead dead dead dead dead dead dead dead dead dead dead dead.
933,a group of people with different faces vs the avengers avengers memes
934,a dead dead dead dead dead dead dead dead dead dead dead dead dead dead dead.
935,two men in suits talking.
936,a man in sunglasses and a white shirt talking to another man in a white shirt.
937,a man holding a glass of wine.
938,a man with an oscar statue in the background.
939,a man drinking a glass.
940,a man with a cigarette in his mouth.
941,a man playing a violin vs a man with a dog on his shoulder
942,a man holding a glass of wine.
943,a man in an office.
944,leonardo leonardo leonardo leonardo leonardo leonardo leonardo leonardo leonardo leonardo leonardo leonardo leonardo leonardo leonardo leonardo.
945,a man in a suit holding a gun.
946,two men sitting at a table.
947,a man in a tuxed tuxed tuxed tuxed tuxed tuxed.
948,two people in the snow vs a man with a camera
949,a man in a suit speaking into a microphone.
950,a man in a suit and tie sitting at a table with a glass of wine.
951,a man in a suit holding a drink.
952,a man holding a microphone.
953,a man in a tuxed tuxed tuxed tuxed tuxed tuxed.
954,a man with different expressions.
955,a comic strip strip strip strip comics comics comics comics comics comics comics comics comics comics.
956,a man in a suit and bow tie 
957,a man in a suit and a dead dead dead dead dead dead dead dead dead.
958,a man and woman in a car.
959,a man in a suit running towards an oscar statue.
960,a man holding a gun.
961,a young boy in a military uniform.
962,a man holding a glass of wine.
963,the mona mona mona mona mona mona mona mona mona mona mona mona mona mona mona.
964,a man talking on the phone.
965,two gold statues with
966,a man holding a gun.
967,a man with no car.
968,a man in a suit and tie.
969,a man and a woman 
970,a man in a suit with his arms outstretched.
971,a man with a smile on his face.
972,a man standing in front of a crowd.
973,a man 
974,a man in a suit and tie.
975,a man in a suit and tie.
976,a man sitting on a chair.
977,a bird 
978,a man in a suit and tie.
979,a man in a suit and tie.
980,a bear sitting on a bench.
981,a man swimming in the ocean.
982,two people sitting on the ground.
983,a man with a mustache and a man with a mustache.
984,leonardo leonardo leonardo leonardo leonardo leonardo leonardo leonardo leonardo leonardo leonardo leonardo leonardo leonardo leonardo leonardo.
985,a man with a beard and beards.
986,a man in a suit and bow tie.
987,a man holding a bottle of beer.
988,a man with a soccer ball.
989,a man in a suit and tie.
990,a man wearing a hoodie and holding a bag.
991,a man with a beard.
992,a man with a long beard.
993,two men sitting in chairs talking.
994,a man in a tuxed tuxed tuxed tuxed tuxed tuxed.
995,a man in a suit holding a wine glass.
996,two men in tuxed tuxed tuxed tuxed tuxed tuxed tu.
997,a bunch of people 
998,a man in a suit holding a glass.
999,two men sitting at a table vs a black and white photo of a man with a beard
1000,a man in a police uniform.
1001,a man sitting on a couch.
1002,a man in a suit and tie.
1003,a man in a tuxed tuxed tuxed tuxed tuxed tuxed.
1004,a man in a tuxed tuxed tuxed tuxed tuxed tuxed.
1005,two people that are laughing.
1006,a man in a suit and tie.
1007,a man in a suit and tie.
1008,a man in a suit holding a trophy.
1009,a man in a suit and tie.
1010,a young man with blonde hair.
1011,a man in a trash can.
1012,a young man in a suit.
1013,two boys holding bowling balls.
1014,"two men in suits and ties, one is talking to the other man."
1015,two men in suits talking.
1016,a woman looking at the camera.
1017,a man in a suit holding a wine glass.
1018,a man in a tuxed tuxed tuxed tuxed tuxed tuxed.
1019,a man in a tuxed tuxed tuxed tuxed tuxed tuxed.
1020,a crowd of people at a concert.
1021,a young man 
1022,a dog on a bus.
1023,a man with a beard and glasses.
1024,a man in a white suit holding a microphone.
1025,a man in a tuxed tuxed tuxed tuxed tuxed tuxed.
1026,a man in a suit sitting on a couch.
1027,a man in a suit with a sword.
1028,president donald and first lady.
1029,two people walking down the street.
1030,a woman yelling at a man in an office.
1031,a man and woman looking at their phones.
1032,a man and woman sitting on a couch 
1033,two people standing in the street.
1034,a neon sign 
1035,two people standing in the street.
1036,two people hugging each other people.
1037,two people walking down the street.
1038,a man and woman walking together.
1039,a man and woman walking down the street.
1040,two people walking down the street.
1041,a man in a blue shirt and tie pointing at the camera.
1042,a man and woman lying in bed.
1043,a man and woman holding a baby.
1044,a man and a woman with
1045,a woman in a red dress vs a group of people walking down the street
1046,a woman in a spider suit.
1047,two women sitting at a table with a laptop.
1048,two people walking down the street.
1049,a man with glasses and a woman with glasses.
1050,a man with a beard and glasses vs a man in a car 
1051,a man with a beard and glasses.
1052,two people walking down the street.
1053,a woman walking down the street vs people walking down the street
1054,a man with a beard and a man with a beard and a man with a.
1055,a bald bald man pointing at the camera.
1056,a man in a star wars uniform.
1057,a man with a red and white background.
1058,a man in a suit and a woman in a suit and a man in a.
1059,a person holding a bottle.
1060,a man sitting in front of a tv screen.
1061,a man in a suit and tie.
1062,a man with his hands in the air.
1063,a man in a grey shirt.
1064,a man in a suit and tie.
1065,a man in a suit smoking a cigarette.
1066,a man in a grey suit with his hands up.
1067,a group of people laughing.
1068,a man in a suit sitting at a table.
1069,a man in a lab coat.
1070,a man in a white shirt.
1071,a man in a white shirt 
1072,a man in a white shirt 
1073,a man in a white shirt 
1074,a man with a cigarette in his mouth.
1075,a man sitting at a table.
1076,a man smoking a cigarette.
1077,a man in a suit and tie.
1078,a man in a suit with his hands out.
1079,a woman in a suit and a man in a suit 
1080,a man standing in front of a red background.
1081,a man with a cigarette in his mouth vs a white background 
1082,a baby in a car seat.
1083,two small dogs sitting next to each other dogs.
1084,a man in a suit and a woman in a suit and a man in a.
1085,a person sitting in a chair.
1086,an old man sitting at a table.
1087,a group of people laughing.
1088,a man in a suit and tie.
1089,a group of people dancing vs a man in a suit and tie
1090,a man in a suit and tie.
1091,a car on a rocky road vs a man with his hands in the air
1092,a man in a suit and tie.
1093,a man with a gun in his hand.
1094,a man in a white shirt 
1095,a man smoking a cigarette.
1096,a man and a woman 
1097,"a store window with a sign that reads, i knew it would happen."
1098,a baby in a sink.
1099,a group of people laughing.
1100,a man in uniform talking to another man.
1101,a person smoking a cigarette 
1102,a man in a suit and tie 
1103,a man and a woman 
1104,a man sitting in a train.
1105,a man sitting on a train.
1106,a bald bald man vs a man in a suit and tie
1107,hillary and a picture of a man.
1108,a young man vs a person holding a piece of paper
1109,a man with long hair and glasses.
1110,a man in a suit and tie.
1111,a car in the fog.
1112,a man in a grey shirt holding a knife.
1113,a man in a suit and tie.
1114,a man in a blue suit 
1115,a baby drinking a beer.
1116,a baby with a cell phone.
1117,a man and woman talking to each other people.
1118,a baby drinking a beer.
1119,a baby sitting at a table with a glass of beer.
1120,a kid sitting at a table with a beer.
1121,a baby drinking a beer.
1122,a man drinking a beer.
1123,a baby drinking a beer vs a baby sitting on a motorcycle
1124,a baby crying in the grass.
1125,a baby drinking from a bottle.
1126,a cartoon character 
1127,a little boy sitting at a table eating food.
1128,a baby sitting at a table.
1129,a baby in a green shirt.
1130,a baby in a red and white striped shirt.
1131,a baby sitting at a table with a glass of beer.
1132,a baby wearing a pink hat.
1133,a baby 
1134,a baby drinking a beer.
1135,a baby drinking a beer.
1136,a baby sitting at a table with a beer.
1137,a kid in a green shirt.
1138,a baby in a pink shirt.
1139,two babies sitting on the floor.
1140,a baby in a green shirt.
1141,a baby and a glass of beer vs a baby holding a beer glass
1142,a black background 
1143,a baby drinking a beer.
1144,a baby drinking a beer.
1145,a baby sitting in front of a beer glass.
1146,a baby sitting at a table with a glass of beer.
1147,a baby with a capt.
1148,a baby drinking a beer.
1149,a pokemon pokemon meme.
1150,a baby wearing a pink hat.
1151,a baby wearing a green hat.
1152,a baby 
1153,a little girl in front of a fire.
1154,a baby crying.
1155,a man and two women sitting on a porch.
1156,a group of people toasting glasses.
1157,a man holding a paintbrush.
1158,a bunch of blue and white vases.
1159,a little boy eating food.
1160,a woman with red hair and glasses.
1161,a woman with glasses on.
1162,a woman with red hair and glasses.
1163,a man talking on the phone vs a man with a microphone and a microphone in his hand
1164,a man sitting at a table with a beer.
1165,a woman with red hair and glasses.
1166,a cartoon character standing in front of a green wall.
1167,a woman walking down the street.
1168,a yellow background with a pink frame 
1169,the matrix matrix matrix matrix matrix matrix matrix matrix matrix matrix matrix matrix matrix matrix matrix.
1170,a man in a room with a woman talking to him.
1171,a man holding a camera.
1172,a man talking to a woman vs a girl talking to a man
1173,a pink background with white
1174,a woman with red hair and glasses.
1175,"a woman holding a sign that says, what needs feminism?."
1176,a woman 
1177,a woman with red hair and glasses.
1178,a woman 
1179,a man in a classroom 
1180,a girl wearing glasses 
1181,a woman with glasses and a green light on her face.
1182,a man with a beard and sunglasses.
1183,a woman with her hands in the air.
1184,a dog with a capt.
1185,a man sitting at a desk with his head in his hands.
1186,a man with his mouth open.
1187,a man with a heart on his chest.
1188,
1189,a woman in a blue suit.
1190,a dog with glasses on it's face.
1191,a woman holding a sign that says i stand with planned parenthood.
1192,two women standing next to each other women.
1193,a man with long hair.
1194,a woman with her hands up in the air.
1195,a man with a crown on his head.
1196,a girl with glasses on.
1197,a girl with long hair and glasses.
1198,two people sitting on a couch.
1199,a girl that is smiling.
1200,a person in a yellow shirt.
1201,a man wearing a tie and a shirt.
1202,a girl with long hair.
1203,a man with glasses on.
1204,a cat sitting on the floor vs a black and white cat
1205,a girl holding an owl.
1206,a woman  vs a girl 
1207,two women holding a sign vs two women holding signs 
1208,two people in superman costumes.
1209,a woman with red hair and glasses.
1210,the matrix matrix matrix matrix matrix matrix matrix matrix matrix matrix matrix matrix matrix matrix matrix.
1211,a woman with her mouth open.
1212,a person drinking tea.
1213,an old man in a suit and tie.
1214,the simpsons on the simpsons show.
1215,a predator with its mouth open.
1216,a couple in baseball uniforms vs a baseball player and a woman
1217,a woman with a pink background and
1218,a woman with pink hair and glasses vs a woman with red hair and glasses
1219,a woman with long hair and a tweet.
1220,a man with glasses 
1221,a group of people talking to each other people.
1222,a woman with long blonde hair.
1223,the different types of fire.
1224,a woman sitting in front of a microphone.
1225,a man with his arms crossed.
1226,a man with tattoos on his arms.
1227,a tweet vs a tweet 
1228,a woman in a police uniform and a man in a police uniform holding a sign vs a woman in a police uniform and a man in a police uniform
1229,a man 
1230,a man and woman in the desert.
1231,a man and woman sitting at a table.
1232,a person holding a sign vs a woman in a black dress 
1233,a person 
1234,a pink background 
1235,a woman with red hair and glasses.
1236,two people sitting at a table.
1237,"a group of people standing in front of a sign that says, ` ` `."
1238,a cartoon character in a witch costume.
1239,a man and woman sitting at a table.
1240,a woman in a black dress.
1241,a woman with her mouth open.
1242,a man in a suit and tie.
1243,a man with a beard.
1244,a man in a leather jacket and sunglasses.
1245,a woman wearing a black jacket.
1246,a man and woman standing in front of a tree.
1247,"one does not simply vs a man with long hair and a beard, "
1248,a circle 
1249,an older man with hearts on his face.
1250,two people working on laptops.
1251,two women sitting at a table.
1252,a man with his mouth open.
1253,a woman with curly hair in a white shirt.
1254,a man with a hat on.
1255,
1256,a woman holding a globe.
1257,a woman with a funny face.
1258,a woman holding a sign.
1259,a soccer player 
1260,a woman smiling and wearing a hat.
1261,a woman holding a piece of paper.
1262,a woman with a gun.
1263,a woman with a funny expression.
1264,a cartoon character with a microphone.
1265,a person  vs two people kissing and one is wearing a striped shirt and the other is wearing a
1266,a man eating food in a restaurant.
1267,sponge sponge sponge sponge sponge sponge sponge sponge sponge sponge sponge sponge sponge sponge sponge sponge.
1268,a man in a suit and tie.
1269,two boys sitting at a table.
1270,a man in a suit and tie.
1271,a man in a white shirt sitting at a table.
1272,two children reading a book.
1273,a girl 
1274,people with different expressions.
1275,superman and a picture of superman.
1276,"two cartoon characters, one is a girl and the other is a boy."
1277,a man holding a glass.
1278,two girls wearing hats and sunglasses.
1279, vs a man and woman sitting at a table
1280,a green dinosaur 
1281,a man in a bath tub vs a man laying in a bath
1282,a man and a woman on a motorcycle.
1283,two girls in cheerleading uniforms.
1284,a black and white vs two people standing next to each other people
1285,a man with a beard.
1286,a cartoon character in a room.
1287,a man sitting at a table in a restaurant.
1288,a person with a helmet on.
1289,a man talking on the phone vs a man in a black jacket 
1290,a woman in a purple dress.
1291,a man with a flower in his hand.
1292,a girl with her friend.
1293,a man singing into a microphone.
1294,a child with glasses on.
1295,a person holding a red hat.
1296,two circles with a smiley face.
1297,two women talking to each other women.
1298,a person sitting at a table.
1299,a group of people standing in front of a tv screen.
1300,a black and white photo  vs a man sitting in front of a television
1301,a bear on a log.
1302,a man and a woman sitting on a couch 
1303,a man sitting in front of a computer vs a man sitting in front of a brick wall 
1304,a girl with a snake in her ear.
1305,a dog and a cat on a dog bed.
1306,two minions 
1307,a man talking on the phone.
1308,two women sitting on a bench  vs two women standing next to each other women
1309,a toy story 
1310,a girl pushing a yellow suitcase.
1311,a woman in a wedding dress.
1312,a dog looking out from behind a wall.
1313,a man driving a car.
1314,a man crying with his eyes closed.
1315,a couple kissing in the rain.
1316,a woman in a room 
1317,two men sitting on a couch.
1318,a man with a beard and a black jacket.
1319,two people sitting next to each other people.
1320,donald and hillary.
1321,a woman 
1322,a man with a white shirt and sunglasses.
1323,a girl with a fire in the background.
1324,a man with a plastic hat on his head vs a man and woman talking to each other people
1325,two people 
1326,a girl 
1327,a man with a cigarette in his mouth.
1328,a man in a suit sitting at a table.
1329,a man hugging a woman.
1330,a man in a leather jacket 
1331,a man laying on a couch.
1332,a man in a red shirt.
1333,"two minions minions minions, minions"
1334,a woman with a cigarette in her mouth.
1335,a woman  vs a man with a microphone in his hand
1336,people in a crowd 
1337,two women sitting on a couch.
1338,a kid 
1339,two people drinking wine sticker.
1340,a man with a cigarette in his mouth.
1341,a group of smiley faces with
1342,a man 
1343,a group of baby dolls.
1344,a black and white
1345,two people sitting on a couch.
1346,a man talking to another man.
1347,a man in a hat pointing at the camera.
1348,a girl 
1349,a group of people 
1350,two men sitting on a bench vs a man in a white shirt and a woman in a black shirt
1351,a man with blonde hair.
1352,two men with tattoos on their faces.
1353,two women standing next to each other women.
1354,a man in a suit and tie.
1355,two people with their mouths open.
1356,a man and a woman in a kitchen.
1357,two girls sitting in a car.
1358,two people talking to each other people.
1359,
1360,a person  vs a cat standing on the ground
1361,a man talking to another man vs 
1362,a cat that is laying down.
1363,sponge sponge sponge sponge sponge sponge sponge sponge sponge sponge sponge sponge sponge sponge sponge sponge.
1364,a man with a red hair and glasses.
1365,a woman in a yellow dress vs a white background 
1366,a man with his mouth open.
1367,a woman with her hair blowing in the wind.
1368,a man holding a rifle.
1369,a woman with glasses on.
1370,a school sign 
1371,a man and woman sitting on a roof.
1372,a man sitting at a table in front of a store.
1373,a thomas the tank train in a tunnel.
1374,a thomas the tank train.
1375,a cartoon character 
1376,a man wearing a top hat.
1377,a man in a suit and hat.
1378,
1379,a man in a tuxed tuxed tuxed tuxed tuxed tuxed.
1380,a man in a suit and a woman in a green shirt.
1381,a man in a red shirt pointing at the camera.
1382,a man in a purple suit 
1383,a man in a purple suit.
1384,a man in a purple suit and hat 
1385,a man in a top hat and top hat 
1386,a man wearing a top hat 
1387,horses standing in a field.
1388,a crowd of people 
1389,"two anime characters, one with green eyes and the other with green eyes."
1390,two people sitting on an airplane.
1391,a man drinking from a cup.
1392,a man drinking from a bottle.
1393,a man in a blue shirt talking to another man.
1394,two children hugging each other children.
1395,sponge sponge sponge sponge sponge sponge sponge sponge sponge sponge sponge sponge sponge sponge sponge sponge.
1396,a man with a cigarette 
1397,a cartoon character in a video game.
1398,a man with glasses on vs a man in a red and green shirt
1399,two people in a car vs a man in a car 
1400,a man in a top hat and top hat.
1401,"a man in a purple suit and top hat, "
1402,a man with a funny expression.
1403,a woman in a black dress vs a woman with long black hair
1404,a man  vs a white background with a black and white
1405,a group of people with green hair.
1406,a man 
1407,a man wearing a top hat and bow tie.
1408,a pope speaking into a microphone.
1409,a man with a hat and bow tie.
1410,"a man with a hat on  vs a man with a mustache and a man with a mustachea man with a hat on , a man with a mustache and a man with a mustache, "
1411,a man with long hair and a mustache.
1412,a man with his arms in the air.
1413,an old man with long hair and a beard.
1414,a man in a hat and top hat with a wand.
1415,a bear sitting on top of a log.
1416,a man with long hair.
1417,a person with a face painted like a clown.
1418,president obama laughing with a man in a cowboy hat.
1419,a man wearing a hat and a blue shirt.
1420,a man in a store with a pair of shoes.
1421,a man with a cigarette in his mouth.
1422,a man in a top hat and a woman in a top hat and a woman vs a man and a woman in a room
1423,a man holding a book.
1424,a statue of a man with his hand on his chest.
1425,a man in a top hat.
1426,a man 
1427,a person eating something.
1428,a man in a top hat.
1429,a man with a hat and bow tie.
1430,a man in a purple suit and top hat.
1431,a woman sitting on a couch.
1432,a man with glasses and a red shirt.
1433,"a man in a top hat and top hat,  vs a girl in a top hat "
1434,"a man in a leather jacket vs two men, one "
1435,"a man in a white shirt and bow tie, "
1436,a man in a top hat.
1437,a woman sitting on a bed with a man in the background.
1438,a man wearing a top hat.
1439,a man wearing a hat and a purple suit.
1440,a girl holding two cans of beer.
1441,a girl in a red dress 
1442,a woman looking at her reflection in the mirror.
1443,a girl 
1444,a man in a suit talking to another man in a suit.
1445,a man and woman talking to each other people.
1446,a man and woman on twitter.
1447,a man eating a sandwich.
1448,a sign that says ` ` ` ` ` ` ` ` ` ` ` `.
1449,a man hugging a woman vs a man and woman sitting in a car
1450,a cat being fed by someone.
1451,a girl talking on a cell.
1452,a woman in a santa hat.
1453,two people sitting on a couch 
1454,a little girl in a red shirt vs a young boy in a baseball uniform
1455,a woman with long brown hair and a picture of a woman with long brown hair.
1456,a woman in a field with
1457,a man and woman playing video games.
1458,a man hugging a woman 
1459,a baby looking up at the camera.
1460,a woman in a black dress.
1461,a woman with a funny expression on her face.
1462,a girl with a smile on her face.
1463,a man in a green shirt.
1464,a man eating a cake.
1465,a hand with the word i'vec on it.
1466,a woman with long black hair.
1467,a guy 
1468,a woman with blood on her face.
1469,a bald bald man 
1470,a man holding a baby.
1471,a dog on a boat.
1472,a man in a suit holding a card.
1473,a girl holding a cell.
1474,a child 
1475,a girl talking to a guy.
1476,a little girl with a birthday cake.
1477,a girl 
1478,a frog 
1479,a woman talking to a child.
1480,a woman talking on the phone.
1481,"a woman and a man in a green dress, "
1482,a woman with long brown hair and a flower in her hair.
1483,a truck driving down the road vs a man driving a car
1484,yo yo yo yo yo yo yo yo yo yo yo yo yo yo yo yo.
1485,a man with a beard and a black t - shirt.
1486,a man in a suit and tie.
1487,two people kissing on the floor.
1488,a girl sitting on a couch.
1489,a little boy sitting on a couch.
1490,a pair of shoes on the floor.
1491,a little girl sitting in the back seat of a car vs a little girl sitting in a car
1492,a dog in pajamas 
1493,a pokemon 
1494,an electrical outlet 
1495,a group of people sitting on a couch.
1496,a girl with a cat on her lap.
1497,a man with long hair and glasses.
1498,a girl and a cat.
1499,a man holding a dog.
1500,a girl with glasses and a green shirt.
1501,a baby wearing a red hat vs a woman with a smile on her face
1502,a man in a hat pointing at the camera.
1503,a person sleeping on a bed.
1504,a man and woman kissing on a bench.
1505,a woman with a smile on her face.
1506,a young boy 
1507,a girl with a capt.
1508,a girl in a pink shirt.
1509,a girl in front of a fire.
1510,a baby sitting on the beach.
1511,a man and woman at a bar.
1512,a girl with long black hair.
1513,a child holding a lo lo lo lo lo lo lo lo lo lo lo lo.
1514,a woman in a pink top.
1515,a young boy 
1516,a fish in the water.
1517,a man and a woman with
1518,a guy with a drink in his hand vs a person sitting at a table with a bowl of food
1519,a cartoon character  vs a pio pokemon me
1520,a woman in a red dress.
1521,a girl sitting on a couch.
1522,a man talking on the phone.
1523,a girl 
1524,a girl with a smile on her face.
1525,an anime girl 
1526,a girl in a pink dress 
1527,a girl with a hat on her head.
1528,a woman with her mouth open.
1529,a woman sitting on a bed.
1530,a woman 
1531,a person sleeping in bed.
1532,a man with a hat on.
1533,a woman talking to a child.
1534,a woman sitting in a chair with a glass of wine.
1535,a woman in a yellow shirt.
1536,two kids playing in the street.
1537,two people walking down the street.
1538,a man and woman walking down the street vs a man and a woman talking to each other people
1539,a woman sitting on a couch 
1540,a man and woman walking down the street.
1541,a man in the water 
1542,a lion standing on top of a building.
1543,a man kissing a woman.
1544,a man in a cowboy hat 
1545,a person holding a cell vs a woman talking on a phone
1546,a group of people doing gymnastics.
1547,a woman with long black hair 
1548,a fox and a girl 
1549,a man in a suit and bow tie.
1550,a woman with her mouth open 
1551,a woman yelling at someone.
1552,a man in a suit and tie.
1553,a man in a suit and tie.
1554,an alien logo 
1555,two men in front of a pyramid.
1556,a man holding up a picture of a cartoon character.
1557,"a woman with her hand on her head, saying i want to be a girl vs a woman "
1558,a man in a suit and tie.
1559,a man in a purple suit and tie.
1560,a man in a suit with an alien head.
1561,a man in a suit and tie.
1562,a man in a suit with a capt vs a man with a mustache and mustache
1563,a man in a suit and tie.
1564,a man in a suit and tie.
1565,a man in a suit and tie.
1566,a man in a suit and tie.
1567,"a man in a suit and tie,  vs a man in a suit and a woman in a dress"
1568,a man in a suit and tie 
1569,a man with a green bracelet on his wrist.
1570,two men sitting at a table with a microphone in front of them vs a man in a suit and tie 
1571,a man in a suit and tie.
1572,a man holding a glass.
1573,a man in a suit and tie.
1574,a pink background 
1575,a spider sitting at a desk.
1576,a man standing on top of a mountain.
1577,two soccer players talking to each other players.
1578,a man and a woman talking.
1579,a kitten with its paws up.
1580,a man in a suit and tie.
1581,a girl talking to another girl.
1582,a man in a suit and tie.
1583,a woman with a smile on her face.
1584,a man with grey hair and beards.
1585,a train that is parked on the tracks.
1586,a soccer player 
1587,a man in a white suit.
1588,a man holding a trophy.
1589,a man in a suit and tie.
1590,two men standing next to each other men.
1591,"a man with long hair and beards, "
1592,a man holding a bottle of water.
1593,a person's feet on a map vs a man pointing at a map
1594,a cartoon character 
1595,a man in a suit talking to someone.
1596,a man in a suit and tie.
1597,a man in a tuxed tuxed tuxed tuxed tuxed tuxed.
1598,a man in a tuxed tuxed tuxed tuxed tuxed tuxed.
1599,a man in a hat 
1600,a man sitting at a table.
1601,a man in a tuxed tuxed tuxed tuxed tuxed tuxed.
1602,a man in a suit and tie.
1603,a bear that says i'veal the twilight movie but none of the other.
1604,a man in a trench coat pointing at the camera.
1605,a man in a suit smoking a cigarette.
1606,a person sleeping on a couch.
1607,a man smoking a cigarette.
1608,a man in a tuxed tuxed tuxed tuxed tuxed tuxed.
1609,a man in a tuxed tuxed tuxed tuxed tuxed tuxed.
1610,a man in a tuxed tuxed tuxed tuxed tuxed tuxed.
1611,a person with a brain.
1612,a man with glasses and a hat.
1613,a man in a tuxed vs a man 
1614,a woman sitting on a couch with a bowl of food in front of her.
1615,a city with a red sky in the background and
1616,a man in a suit and tie.
1617,a man in a suit sitting on a couch.
1618,two men with headphones on.
1619,a man in a suit and tie.
1620,a man sitting at a table 
1621,a man in a suit and tie.
1622,a man sitting in a chair.
1623,a baby in a green shirt 
1624,a little girl holding a toy.
1625,a man sitting at a table 
1626,a man sitting in a chair reading a book.
1627,harry and hermi.
1628,a man 
1629,"a man in a suit and tie, "
1630,a man in a suit and tie.
1631,a man sitting on a bench.
1632,two men in tuxed tuxed tuxed tuxed tuxed tuxed tu vs a man in a suit talking to another man in a suit
1633,two men talking to each other men.
1634,a man in a tuxed tuxed tuxed tuxed tuxed tuxed.
1635,a man in a suit smoking a cigarette.
1636,a baby sitting in a chair.
1637,a man in a tuxed tuxed tuxed tuxed tuxed tuxed.
1638,a man in armor 
1639,a man in a red shirt.
1640,a man with a beard.
1641,a woman wearing a headscar.
1642,a man in armor holding a sword.
1643,"a man in a suit and tie, "
1644,a person sitting on a throne.
1645,a man with a beard and a beard.
1646,a man with long hair and a woman with long hair and a man with long.
1647,a woman with blonde hair 
1648,a man in a white suit with his arms outstretched vs a man in a yellow suit with his arms outstretched
1649,a man in armor sitting at a table.
1650,"a man with a beard and a beard on his head, and a picture of."
1651,donald the wall is coming.
1652,a man in the dark 
1653,a dragon in the snow vs person and person kissing in the snow
1654,a man with long hair.
1655,a game of thrones and a picture of a game of throne.
1656,a man with glasses and a beard.
1657,a man and a woman looking at each other people.
1658,a black and white photo  vs a woman with blood all over her face
1659,a man and a woman in a room.
1660,a man with a beard and a man with a beard.
1661,a man with a beard 
1662,a man with a beard and an image of a man with a beard and a.
1663,a man with a beard and a man with a beard.
1664,"a man with long hair and beards in front of a fire vs a man with long hair and beards, "
1665,a man holding a sword.
1666,a man with long hair and beards.
1667,a man and woman sitting on a bench in the snow.
1668,a man with a gun  vs a group of people standing in front of a building with
1669,a young boy 
1670,person and person in a scene from the movie vs a man climbing up a mountain 
1671,a man holding a microphone.
1672,a man in a crowd vs a group of people standing in front of a fence
1673,a man with a chain around his neck vs a man in a fur coat and a picture of a man in a fur coat
1674,a woman in a black dress and a hat 
1675,person 
1676,a dog 
1677,a man talking to another man.
1678,"a man with long hair and a beard, "
1679,a woman in a white dress holding a black object.
1680,a man in a fur coat.
1681,a man with a gun  vs the walking dead and a picture of the walking dead
1682,a game of thrones and a picture of a game of thrones.
1683,the four main characters in game of thrones.
1684,"a woman with red hair and blue eyes, "
1685,a young girl holding a wand.
1686,person and person in game of thrones.
1687,a man with a sword  vs a man in armor holding a sword
1688,a man and a woman standing in front of a tree  vs a man in a fur coat 
1689,a man wearing a fur coat.
1690,a man with a knife in his hand.
1691,a man in a red hat and jacket.
1692,a man with long hair and beards.
1693,a group of people standing in the snow.
1694,a dog that is looking at the camera.
1695,a girl with long hair 
1696,a person 
1697,a man with long hair smiling.
1698,a man with a beard and a man with a beard and a beard with the vs a man with a beard and a face
1699,"a man with long hair and beards in the middle of the image vs a man with long hair and beards in the snowa man with long hair and beards in the middle of the image, a man with long hair and beards in the snow, a man with long hair and beards smoking a cigarette"
1700,a young boy 
1701,a woman with blonde hair 
1702,a man with a beard and a woman with a beard 
1703,a woman and a man in medieval clothing.
1704,a man in a fur coat.
1705,a woman in a red dress.
1706,the faces of a woman with different expressions vs a girl with the same face
1707,a woman in a red hoodie vs a woman in a red hoodie and a white horse
1708,a group of people sitting on a bench.
1709,a man with white hair vs the pope
1710,a group of people with their mouths open.
1711,a man with long hair and a beard.
1712,a woman in a fur coat.
1713,a man in armor holding a sword.
1714,a man with long hair and beards.
1715,a woman with a dragon on her back.
1716,a man in a dark room 
1717,a woman with a sword in her hand.
1718,a man in an office.
1719,a young man with a smile on his face.
1720,a man with a bloody face.
1721,a group of people with different expressions.
1722,a bride and groom walking down a path.
1723,"a man with long hair and beards, "
1724,a woman holding a knife 
1725,a woman drinking from a glass.
1726,a man in armor 
1727,a man standing in the snow.
1728,a man in a suit and tie 
1729,a man with a beard and glasses.
1730,a man and woman in a room.
1731,a man with a beard and glasses.
1732,a person sitting on the iron throne vs a person sitting on a throne
1733,two people dancing at a party.
1734,a girl playing chess.
1735,a man sitting at a table playing chess.
1736,a girl wearing a hoodie.
1737,a man in a fur coat 
1738,a man holding a sign.
1739,a woman with long blonde hair 
1740,a man and a woman in the middle earth.
1741,a man sitting at a table with a candle in his hand.
1742,a man and woman talking to each other people.
1743,a couple kissing in the woods.
1744,a man sitting in a car 
1745,game of thrones 
1746,a man with long hair and white skin vs a woman with long red hair
1747,a man in a dark room 
1748,a man with a beard and a man with a beard 
1749,a man wearing a crown.
1750,an older woman 
1751,a man and a woman in the snow.
1752,a girl with a hat and scarf.
1753,a man with a beard and a woman with a crown.
1754,a man in a dark room with a candle in the background.
1755,a man with a beard and a woman with a beard 
1756,a man reading a book.
1757,arya and arya in game of throne.
1758,a man with long white hair.
1759,a man with a beard  vs a girl 
1760,a man in a fur coat 
1761,a man and a woman in the middle earth.
1762,a game of thrones  vs a man in a medieval costume 
1763,the earth 
1764,many harry potters.
1765,a person with glasses on.
1766,a girl holding a bird.
1767,a young man with glasses.
1768,a man with a smile on his face.
1769,harry and his brother in harry's house.
1770,harry and hermi.
1771,a man with a beard 
1772,harry and hermig from harry potter potter potter potter potter potter potter potter potter.
1773,harry and hermi.
1774,a couple kissing in front of a book shelf.
1775,a man in a suit 
1776,a person 
1777,a hog hog hog hog hog hog hog hog hog hog hog hog hog hog hog.
1778,harry potters and hermik potter potter potter potter potter potter potter potter potter.
1779,harry and hermik in harry's house.
1780,an animal wearing glasses.
1781,a man with different facial expressions.
1782,a man with a toothbrush vs a man in a green shirt
1783,a man holding a gun.
1784,person and person in harry potter potter potter potter potter potter potter potter potter potter potter.
1785,a man in a suit and tie.
1786,a person in a harry costume.
1787,harry and hermik hugging each other harry and hermik hugging each other.
1788,harry and hermik in harry's house.
1789,two young boys sitting next to each other boy.
1790,a man with long hair.
1791,some of the characters in the movie.
1792,harry and his friends.
1793,harry and hermig from harry potter potter potter potter potter potter potter potter potter.
1794,harry and hermi vs a group of people in harry's house
1795,a man and woman holding signs.
1796,harry and hermik in the snow.
1797,two people sitting on a couch.
1798,two men sitting in front of a mirror.
1799,a person with long hair vs a man in a purple coat
1800,a little boy with glasses on.
1801,a group of people in medieval costumes.
1802,an old man with a long white beard.
1803,two people walking through a forest.
1804,a man with a beard and a white mask.
1805,harry and hermik from harry potter potter potter potter potter potter potter potter potter.
1806,a girl sitting at a table with a plate of food.
1807,a man and a woman in the snow  vs harry and his friends in harry's house
1808,a person with glasses on.
1809,a boy  vs a girl with long hair 
1810,a man singing into a microphone.
1811,harry and hermik in harry potter potter potter potter potter potter potter potter potter.
1812,harry and hermik in harry's house.
1813,person and person from harry potter potter potter potter potter potter potter potter potter potter potter.
1814,the twilight saga.
1815,some harry potters vs harry and hermi
1816,harry and hermi.
1817,a boy with different expressions.
1818,a girl with glasses and a boy with glasses vs a girl with red hair
1819,harry and hermig 
1820,a man with long black hair.
1821,harry potters potter potter potter potter potter potter potter potter potter potter potter potter potter.
1822,a man with long hair and glasses vs a man with white hair and a smile on his face
1823,harry and hermik pointing at each other people.
1824,a group of people standing in a room.
1825,a person with glasses on.
1826,a young boy with glasses.
1827,a man with glasses and a bow tie.
1828,a woman in a dress and a man in a suit holding a cake vs a woman in a dress and a man in a suit
1829,a boy and a girl 
1830,a person with glasses on.
1831,a man in a suit and a man in a suit with a beard and a vs a man with a beard 
1832,people sitting in an airplane.
1833,a young boy with glasses.
1834,harry and hermi.
1835,a man with long black hair  vs person and person in harry's house
1836,the same person in harry's house.
1837,a man and a woman 
1838,a man in a black suit with a green background.
1839,a woman and a man looking at each other people.
1840,people on a subway train.
1841,a girl sitting on a pile of books.
1842,a person 
1843,person and person in harry potter potter potter potter potter potter potter potter potter potter potter.
1844,a young boy sitting on the floor.
1845,harry and hermi.
1846,a man with a beard and a face.
1847,a person with a fake face.
1848,a person sitting at a desk with a computer.
1849,a man with long hair and a beard vs a basketball player 
1850,harry and hermi.
1851,a man in a suit and tie.
1852,a man in a white coat and hat.
1853,a man in a plaid shirt and tie.
1854,a man in a suit with his arms crossed.
1855,a hot dog 
1856,a boy 
1857,a man in a tuxed tuxed tuxed tuxed tuxed tuxed.
1858,a man in a suit and tie 
1859,a man and a woman.
1860,two men laughing at each other man.
1861,a car driving through a flooded street.
1862,a group of people at a dinner table.
1863,a man with a beard and mustache.
1864,a man holding up a birthday card.
1865,a man in a fur coat holding a microphone.
1866,a person smoking a cigarette.
1867,a man holding a microphone.
1868,a man holding a microphone.
1869,a man in a baseball cap 
1870,a man holding a microphone.
1871,a man in a suit and hat.
1872,two men in tuxed tuxed tuxed tuxed tuxed tuxed tu vs a man in a suit and bow tie
1873,a man in a suit and tie.
1874,a man in a suit sitting at a table with a microphone in front of him.
1875,a man with a bottle of beer.
1876,a cartoon dog  vs a man in a suit and tie
1877,a man in a white coat and hat.
1878,a man with his mouth open.
1879,a man with glasses saying what if to you people shouldn to ask for your help.
1880,a fire truck with a capt.
1881,a man with dread dread dread dread dread dread dread dread dread dread dread dread dread.
1882,a white and red truck.
1883,a man in a suit and tie.
1884,a dog swimming in the water.
1885,a man in a suit and tie.
1886,two men laughing at each other man.
1887,a man wearing a santa hat.
1888,one does not simply write about mes.
1889,a black background with a blue
1890,a man and woman on a tv screen.
1891,a man in a suit and tie.
1892,a man in a suit and tie.
1893,a person wearing a baseball cap.
1894,a person in a white coat and a cupcake.
1895,a man with a mustache and mustache.
1896,a woman shopping in a store.
1897,a man holding a microphone.
1898,a man with a rabbit in his mouth.
1899,a man in a suit and tie 
1900,a man wearing a white hat.
1901,a man in a suit and tie.
1902,steve harvey and steve harvey.
1903,a man in a suit and tie.
1904,a man with sunglasses and a hat.
1905,a man in a suit and tie.
1906,a man in a tuxed tuxed tuxed tuxed tuxed tuxed.
1907,a man in a suit and tie.
1908,a woman with a microphone and a picture of a woman with a microphone.
1909,a woman in a blue dress and a man in a black suit with a mustache.
1910,a woman in a blue dress.
1911,"a man in a suit and tie, "
1912,a man holding a microphone.
1913,a man in a suit and tie.
1914,a man in a suit holding a microphone.
1915,a man in a suit and tie.
1916,a man with a mustache.
1917,a person holding a toy.
1918,a baseball player throwing a ball.
1919,a man in a suit and tie.
1920,a man in a suit and tie.
1921,two men laughing at each other man.
1922,two men laughing and one is laughing.
1923,a bald bald bald bald bald bald bald bald bald bald bald bald bald bald bald.
1924,a cartoon character reading a book.
1925,a person wearing a crown.
1926,a duck in the water.
1927,a baseball player in the dug.
1928,a man holding a microphone.
1929,donald and hillary.
1930,a crowd of people wearing patriotic hats.
1931,a woman wearing a witch hat.
1932,a woman in front of an american flag.
1933,a woman in a green dress and a man in a suit and tie with the vs hillary sanders and hillary sanders
1934,a woman sitting in an office chair.
1935,a woman in a blue shirt.
1936,a child playing with a toy.
1937,a man in a suit and tie.
1938,an older woman 
1939,a man sitting at a table with a fan.
1940,a woman and a man in a crowd.
1941,person and a picture of a turtle with
1942,a woman sitting in an airplane.
1943,a woman with a face of pm.
1944,a woman sitting at a table with a microphone in front of her.
1945,a woman 
1946,a man in a suit and tie.
1947,a woman talking to a child.
1948,a man sitting in front of a computer.
1949,hillary and a picture of hillary.
1950,donald and hillary on the debate.
1951,a cat peeking out of a door.
1952,donald the president giving a thumbs.
1953,hillary sanders waving with her hands in the air.
1954,a woman in uniform and a man in uniform.
1955,a woman with her hands up in the air.
1956,"donald and hillary hugging in front of an american flag vs president person donald and hillary hugging in front of an american flag, president person , two police officers standing in front of a house"
1957,hillary sanders giving a speech in front of an american flag.
1958,donald the president 
1959,a woman laughing  vs a girl 
1960,a woman in a blue shirt.
1961,a woman sitting in an airplane.
1962,a woman talking to a man.
1963,a woman talking to a man.
1964,hillary's favorite pizza.
1965,a man in a suit and tie.
1966,a woman with a creepy face.
1967,a man and a woman vs a man being carried by police
1968,a man in a suit and a woman in a yellow dress.
1969,a man in a suit sitting at a table.
1970,a woman and a man with sunglasses on.
1971,a man in front of an american flag.
1972,hillary and clinton laughing together.
1973,a man in a suit and tie.
1974,a woman with her mouth open.
1975,a lion laying in the grass.
1976,donald and hillary talking to each other people.
1977,a man in a suit and tie.
1978,a woman with her head in her hands.
1979,a man wearing a face mask and holding a cup.
1980,a woman with red hair and glasses.
1981,a hand pointing at a chalk board.
1982,a woman with a microphone in front of her.
1983,a woman sitting on a couch talking to another woman.
1984,a person pointing to the camera.
1985,hillary on a podium 
1986,two men laughing together.
1987,a woman sitting in a chair with a cell.
1988,two women in front of an american flag.
1989,hillary sanders 
1990,a woman in a red shirt holding a bag.
1991,a man wearing a santa hat.
1992,a man sitting in a chair with a gun in his hand.
1993,a woman in a red jacket.
1994,the joker 
1995,a man getting into a car.
1996,hillary sanders on the debate.
1997,hillary sanders 
1998,president obama and hillary.
1999,a woman 
2000,a man with a knife in his hand.
2001,a bear that is looking at the camera.
2002,a man with a cigar in his hand.
2003,a woman in a blue shirt.
2004,a man in a suit and a woman in a suit and a woman in a.
2005,person laughing 
2006,bernie sanders 
2007,hillary's face 
2008,a woman in front of an american flag.
2009,a man sitting on a train track.
2010,a woman 
2011,"a man in a suit and tie, "
2012,president person giving a thumbs gesture.
2013,an older woman with grey hair.
2014,a woman 
2015,hillary and hillary sanders.
2016,a woman reading a newspaper.
2017,a man in a suit sitting on a chair.
2018,a man in a tuxed tuxed tuxed tuxed tuxed tuxed.
2019,a man and woman sitting in front of an american flag.
2020,the president and his wife.
2021,a man with his mouth open.
2022,a woman with her mouth open.
2023,hillary clinton holding a microphone.
2024,a man in a suit and tie.
2025,two women holding doughs and smiling.
2026,a black and white vs a woman in an orange prison uniform
2027,a woman with curly hair 
2028,a kid holding a cookie.
2029,a man and woman in an office.
2030,a man in a suit and tie 
2031,a man and a woman 
2032,a man in a white shirt next to a dinosaur.
2033,a man kissing a woman vs a man in a suit and tie
2034,a woman with dread dread dread dread dread dread dread dread dread dread dread dread dread.
2035,a man with a mustache and mustache vs a man in a suit and tie
2036,two men talking to each other man.
2037,a man in military uniform with his hands up.
2038,a man in a military uniform and a picture of a man in a military uniform.
2039,a man in a suit with his hands up.
2040,a man in a military uniform.
2041,a man with a mustache.
2042,a man and a dog vs a dog laying in the grass
2043,two men with mustaches and mustaches.
2044,a man with glasses and a mustache.
2045,two men in military uniforms.
2046,a boy and his dog.
2047,a man holding a bottle of water.
2048,a man in a suit sitting on a bench.
2049,a man in a suit and tie.
2050,taylor taylor taylor taylor taylor taylor taylor taylor taylor taylor taylor taylor taylor taylor taylor taylor.
2051,a girl with a cigarette in her mouth.
2052,a child 
2053,a man in a suit and tie.
2054,a girl with a smile on her face.
2055,a man singing into a microphone.
2056,
2057,a cat with yellow eyes.
2058,a creepy looking face with a capt.
2059,a man in a military uniform  vs a man in a suit and tie
2060,a man and woman in the dark.
2061,a man in uniform talking to another man.
2062,an old man with a tongue sticking out of his mouth.
2063,a bird with glasses on it's head.
2064,jesus pointing his finger at the camera.
2065,a man with a mustache and mustache.
2066,a man with a mustache and mustache.
2067,a man holding a microphone.
2068,a man in uniform pointing at something.
2069,a man in a suit and tie.
2070,a man and a woman with a map in the background.
2071,a man in a crowd.
2072,a man with a mustache and mustache.
2073,a man in front of a planet.
2074,a man in a suit pointing at the camera.
2075,a man and a woman with
2076,a man in a camouflage jacket 
2077,a man in a military uniform.
2078,a man driving a car.
2079,a man with his hands up in the air.
2080,hitler's face 
2081,a man in a suit and tie.
2082,a man pointing at a crowd.
2083,a man wearing a cowboy hat.
2084,a man in uniform pointing at something vs a man giving a speech
2085,an old man in a suit and tie.
2086,president trump holding up a sign that reads they don't't't.
2087,two men standing next to each other men.
2088,a man in military uniform.
2089,a man in a suit and tie.
2090,a man in a suit standing next to a woman.
2091,a man looking through a window.
2092,a man in a suit and hat pointing at a crowd.
2093,a man with a beard and glasses.
2094,a man in a suit and tie.
2095,a man with a mustache and mustache.
2096,two people sitting at a table.
2097,a man with a birthday cake.
2098,"a man in a suit and tie, "
2099,a goldfish in an aquarium.
2100,a man in uniform pointing at something.
2101,a young boy sitting in front of a computer.
2102,a man with a cigarette in his mouth.
2103,a man in a suit 
2104,a man sitting in a car.
2105,a man holding a red card.
2106,a cartoon character 
2107,a man in a suit and tie.
2108,a man in a red shirt and black pants vs a man in a military uniform
2109,a man in a suit and tie 
2110,a man in a suit and tie.
2111,a man with a mustache and mustache.
2112,a man with a mustache and mustache.
2113,a woman sitting at a table vs a man reading a book
2114,a man in a suit and tie.
2115,a man in a military uniform vs a group of people 
2116,a man in a maroon shirt.
2117,a young boy with a toothbrush.
2118,a soldier pointing at someone.
2119,a man looking out a window.
2120,a man with a mustache and mustache.
2121,a woman and a man 
2122,a man in a suit sitting at a desk.
2123,a man in a suit and tie 
2124,two men in suits talking.
2125,a man in uniform with his arms crossed.
2126,a kid with glasses and a hat.
2127,president donald on the stage.
2128,a white sheet  vs a man holding a gun
2129,a man with a mustache and mustache.
2130,president person drinking water from a glass vs a man in a suit smoking a cigarette
2131,a girl 
2132,"a man in a suit and tie,  vs a man speaking into a microphone"
2133,a cartoon character with a capt.
2134,a young man 
2135,a man with blood on his face.
2136,a man in a black shirt.
2137,a man in a suit and tie.
2138,a man wearing a clown mask.
2139,a man 
2140,a man sitting at a table.
2141,a man in a suit and tie.
2142,the grin grin grin grin grin grin grin grin grin grin grin grin grin grin grin.
2143,a man in a shirt and tie.
2144,a man with his hands on his face.
2145,a man talking to another man.
2146,a man with a cup in his hand.
2147,a man in a suit and tie 
2148,a man with his mouth open.
2149,a man with his mouth open.
2150,a man with long hair vs a black and white
2151,a man eating food.
2152,a man with long hair and a white shirt.
2153,a man with long hair and a white shirt.
2154,a group of people walking on the beach.
2155,a man in a cowboy hat 
2156,a man with a smile on his face.
2157,a man holding a baseball bat.
2158,a man in a green mask.
2159,a man with horns on his head.
2160,a man in a green mask.
2161,a man with a beard and a white suit.
2162,a man holding a cup in front of a building.
2163,a man in a yellow suit and hat.
2164,a man in a suit and tie.
2165,a man in a blue shirt and tie.
2166,a man talking to a woman vs a man talking to another man
2167,a man with a birthday card.
2168,a man in the back seat of a car.
2169,a man 
2170,a man with a smile on his face.
2171,a man with a beard smiling.
2172,a man with a birthday cake on his head.
2173,a man 
2174,a man in a car.
2175,a man holding a gun.
2176,a mountain lake 
2177,a man with a beard.
2178,a man laying on the ground vs a man wearing a hat 
2179,a person holding a light.
2180,a man making a funny face.
2181,a bird that is standing in the grass.
2182,a man in a suit and tie 
2183,a man with long hair.
2184,a man in a suit and tie.
2185,a person in ski gear 
2186,a man in a car.
2187,a man sitting at a table vs a man sitting in front of a door
2188,a man in a star trek uniform.
2189,a man in a suit and tie vs a man in uniform talking to another man
2190,a rhino and a rhino in the water.
2191,a man with a hat on his head.
2192,a man and a woman.
2193,a girl and a boy sitting on a couch vs a man with a book in his hand
2194,a person in a bear costume vs a white background 
2195,a soldier talking to another soldier.
2196,a smiling man  vs a man in a suit 
2197,the joker 
2198,the joker 
2199,the joker in a suit and tie.
2200,the joker in the dark knight movie.
2201,the joker in the joker movie.
2202,a man with a face painted like the joker.
2203,the joker in the joker movie.
2204,the joker and the joker vs batman and joker fighting
2205,the joker in the joker movie.
2206,the joker in the joker movie.
2207,the joker 
2208,the joker and batman.
2209,the joker in the dark knight movie vs a joker 
2210,a batman  vs a joker with green hair and a smile on his face
2211,a mirror 
2212,the joker in the dark knight movie.
2213,the joker 
2214,a person dressed as a joker.
2215,two people dressed as the joker and harley.
2216,a woman with green hair and red lipstick.
2217,a joker drinking a drink.
2218,the joker with
2219,two people dressed as harley and harley harley harley harley harley harley harley harley harley harley.
2220,a person with a face painted like the joker.
2221,a man with a red eye.
2222,a man in a red shirt pointing at the camera.
2223,a joker with his hands up.
2224,a person with a face painted like a joker.
2225,batman and superman in a movie.
2226,a bunch of jokers.
2227,the joker in the dark knight movie.
2228,the joker in the dark knight movie.
2229,a joker 
2230,the joker joker
2231,a man with tattoos and a poster vs the joker drinking a beer
2232,a man in a space suit  vs a joker 
2233,a man with green hair and a black jacket.
2234,a joker 
2235,the joker in the joker movie.
2236,a joker sitting on a couch vs a batman and the caption of a comic book
2237,the joker in the dark knight movie.
2238,the joker 
2239,the joker in a suit.
2240,a person with a rainbow in the background.
2241,the joker and the joker.
2242,two men standing next to each other men.
2243,the joker.
2244,the joker in the joker movie.
2245,the joker in the dark knight movie.
2246,a joker 
2247,the joker in a suit.
2248,the joker 
2249,person and person with
2250,a joker 
2251,a person dressed as the joker.
2252,two men dressed as jokers.
2253,a joker with his hands up.
2254,a man with no shirt on.
2255,a person hugging a dog vs the joker and harley in the movie
2256,the joker in the joker movie.
2257, vs two men in suits and ties
2258,a man in a black shirt.
2259,the joker 
2260,a man in a suit and tie.
2261,a man in a suit 
2262,a man and woman 
2263,the joker in a suit.
2264,a person 
2265,a man in a suit holding a woman.
2266,a joker holding a card 
2267,the joker and person with
2268,"a woman wearing a t - shirt that says,'we have trump, trump."
2269,a man in a suit waving.
2270,a man in a suit and tie.
2271,a man in a suit waving.
2272,a man in a suit and tie.
2273,two people sitting at a table.
2274,two babies in a car.
2275,a man in a cowboy outfit.
2276,a man in a suit and tie.
2277,a man in a military uniform 
2278,a group of men drinking wine.
2279,kim jong and a picture of kim jong.
2280,a man in a suit and tie.
2281,a crowd of people in military uniforms.
2282,a man standing in front of a table.
2283,person's tweeting tweeting tweeting tweeting t.
2284,a man in a suit and tie holding a bottle of beer.
2285,a man in a fur coat holding a sword.
2286,north korean leader kim jong kim jong kim jong kim jong kim jong kim jong kim.
2287,a man holding up a card.
2288,a man in a suit speaking into a microphone.
2289,a man in a fur coat holding a microphone.
2290,a man wearing sunglasses and pointing at the camera.
2291,a man in a suit and tie vs a cartoon character with a red background
2292,two men in suits with a large explosion in the background.
2293,a group of men in suits and ties.
2294,two men in suits with flags behind them vs donald and jasmine in front of flags
2295,a tweet 
2296,an old man in a suit and tie.
2297,a man in a suit sitting at a table.
2298,kim jong kim jong kim jong kim jong kim jong kim jong kim jong kim jong.
2299,a man in a suit and tie.
2300,a man in a suit 
2301,"a man in a suit and tie, "
2302,a man pointing at something vs a man pointing at the camera
2303,a man in a military uniform.
2304,a group of people holding guns.
2305,a table full of food.
2306,a man talking to another man in an office.
2307,a man with a beard and a beard on his head.
2308,north korean leader kim jong kim jong kim jong kim jong kim jong kim jong kim.
2309,a man in a red and blue shirt 
2310,two stuffed animals on a table.
2311,a giant spider with a man in the middle.
2312,two men in military uniforms.
2313,a baby wearing glasses.
2314,president donald and his wife.
2315,a man in a military uniform.
2316,a man in uniform talking to another man in uniform.
2317,a man in uniform pointing at the camera.
2318,a cartoon character with a flag.
2319,a man with a pink background and
2320,a man with a pixel on his face.
2321,a child in a costume 
2322,north korean leader kim jong kim jong kim jong kim jong kim jong kim jong kim vs the title for destruction 100
2323,a man in a suit sitting on a boat.
2324,two men standing next to each other men vs two men shaking hands in front of flags
2325,a group of people holding guns vs a man in a military uniform pointing at another man in a military uniform pointing at
2326,a man pointing at a wall 
2327,two men in military uniforms.
2328,a man cutting a cake.
2329,a man in a suit and tie.
2330,the queen in a pink dress.
2331,a man in a suit waving.
2332,a person with glasses on.
2333,a group of people standing on a dock.
2334,the face of a man in a suit and tie.
2335,two people sitting on a bench with a fire in the background.
2336,a man kissing a woman.
2337,a man sitting at a desk in front of a computer.
2338,a man in a suit sitting in front of a crowd vs a man in a military uniform talking to another man
2339,a person in a field with the sun in the background.
2340,a crowd of people with their faces in the air.
2341,"a group of men in military uniforms, "
2342,a man in a suit and sunglasses with a fire in the background.
2343,a group of people on stage.
2344,"two people in a room, one with a microphone and the other with a microphone."
2345,a unicorn riding on a horse.
2346,sponge sponge sponge sponge sponge sponge sponge sponge sponge sponge sponge sponge sponge sponge sponge sponge.
2347,a man in a suit with his hands out.
2348,two people sitting in a car.
2349,a man in a suit and tie.
2350,a man with his hand on his face vs a man standing in front of a building 
2351,a man talking on the phone.
2352,a young boy 
2353,a man talking on the phone.
2354,a man talking on the phone.
2355,a man holding a can of beer.
2356,a man kissing a woman.
2357,a man in the snow 
2358,a man talking on a cell.
2359,a man sitting on a bench with a drink in his hand.
2360,a man sitting at a table with a laptop.
2361,a baby sitting in front of a computer.
2362,a person with a hat on.
2363,a man with a hat on.
2364,a man in a red shirt pointing at the camera.
2365,a man talking on the phone.
2366,a person drinking tea 
2367,a shirtless man with no shirt.
2368,a minion holding a cupcake.
2369,a man 
2370,a young man with glasses on.
2371,a small pig in the grass.
2372,two people with
2373,a man talking on the phone.
2374,a soccer player on the field vs a soccer match 
2375,a woman wearing a t shirt that says i will find them and i will catch.
2376,a man in a suit and tie.
2377,a man in a suit.
2378,a man with a beard 
2379,a man in a sweater looking at the camera 
2380,a man singing into a microphone.
2381,two people camping in the woods vs a man standing next to a tent
2382,a woman in a hospital bed 
2383,a boy pointing at the camera vs a man sitting at a table with a beer
2384,a wolf and a wolf 
2385,a woman holding a bag.
2386,a man talking on the phone.
2387,a man standing in front of an empty auditorium.
2388,two jedis fighting with a light saber.
2389,two people on a boat.
2390,a group of people sitting on a dock.
2391,a man talking on the phone.
2392,a man with a beard.
2393,a man and woman walking together.
2394,a man talking on a cell vs a man talking on a phone
2395,a man in a white shirt 
2396,a man with a beard.
2397,a man pointing at the camera.
2398,a man in a red shirt.
2399,a man in a suit and tie 
2400,a person 
2401,a man in a black shirt 
2402,a group of people 
2403,a man in a suit and tie.
2404,the president talking on the phone.
2405,a man in a leather jacket.
2406,a man holding a sign 
2407,a man in a black shirt  vs a man 
2408,a person 
2409,a man in a dark room vs a man 
2410,a man in a suit and tie.
2411,a man with a scarf around his neck.
2412,a man in a suit pointing at the camera.
2413,two men vs a man and a woman
2414,a man in a black leather jacket.
2415,a man with a beard and a woman with a beard.
2416,a person holding a book.
2417,a man dressed as a star wars character.
2418,a man talking on a cell phone.
2419,a man talking on the phone.
2420,a woman holding a can of coke.
2421,a man talking on a cell.
2422,a man in a white shirt.
2423,a group of people sitting on a couch.
2424,two people dancing at a party.
2425,a man in a black sweater sitting at a table 
2426,"a man and woman walking down the street, with"
2427,a man sitting in front of a plant.
2428,a woman in a white shirt and black pants.
2429,one does not simply.
2430,a man with long hair and beards in armor.
2431,a man with long hair and beards.
2432,a man with a beard 
2433,a man in a grey shirt looking at the camera.
2434,a man with a sword in his hand.
2435,an elf with blue eyes.
2436,a man with an evil look on his face.
2437,an old man with a beard and a beard vs a man with a beard and a helmet
2438,"a man with long hair  vs a man smoking a pipea man with long hair , a man smoking a pipe, a man with long blonde hair "
2439,a man and a woman in the middle of the day.
2440,a man with a beard  vs a man with a beard and a helmet
2441,a man with long hair and an expression that says how do you feel when you.
2442,lord of the rings 
2443,a person 
2444,a person holding a light.
2445,a man with long hair and a beard.
2446,"a man with long hair and a beard, standing in front of a mountain with."
2447,an old man with a beard and a beard.
2448,an elf sitting on a rock.
2449,one does not simply get of the internet.
2450,a group of people sitting around a table.
2451,a man in a fur coat holding a sword.
2452,a woman with long blonde hair 
2453,a girl and a lion 
2454,a woman and a man in the middle earth.
2455,an old man with a long beard and a hat.
2456,a man with long hair sitting on a chair.
2457,a man with a beard  vs a person with a face painted like a tree
2458,a man with long hair saying what if were wrong? and you can't.
2459,a woman in the snow vs a woman with long blonde hair 
2460,a man with his head in his hands.
2461,two people walking down the street.
2462,"a man with white hair and a beard, "
2463,a girl and a troll troll troll troll troll troll troll troll troll troll troll troll.
2464,the lord and his brother.
2465,a woman with a sword in her hand vs a man with a big grin on his face
2466,a group of people on an airplane.
2467,an elf 
2468,"a man with long hair and beards, wearing a black shirt and black gloves."
2469,two men with glasses on.
2470,a young boy 
2471,the gan gan gan gan gan gan gan gan gan gan gan gan gan gan gan.
2472,a man with long blonde hair and blue eyes.
2473,a person 
2474,an old man with a beard and a beard.
2475,a man with long hair and blue eyes.
2476,"a man with a beard and a green shirt, "
2477,two people laying down in the grass.
2478,a man talking on a cell phone vs a man with long hair holding a glass
2479,two harry potters pointing at the camera.
2480,a man holding a sword in the middle of a forest.
2481,"a man with long hair and a beard, "
2482,an old man with a beard and a hat vs a man with long hair and a white shirt
2483,a girl with a bow on her head vs a man leaning against a wall
2484,"an old man with a long beard and a beard with a beard that says,."
2485,the wizard's castle 
2486,a man with long hair and a beard.
2487,a man and a woman in the snow.
2488,a man with long hair and a beard.
2489,a man and a woman 
2490,a man with long hair and a beard.
2491,a man reading a newspaper.
2492,"monsters and aliens in the movie monsters and aliens, monsters, funny monsters, funny."
2493,"a man with long hair and beards, "
2494,a group of people standing in front of a building vs a group of people sitting around a table
2495,a man wearing a hat and holding a toy.
2496,a woman with long blonde hair 
2497,the gan gan gan gan gan gan gan gan gan gan gan gan gan gan gan.
2498,a man in a white robe and a woman in a white robe vs two people sitting on a throne
2499,an old man with long hair and beards.
2500,a man with a gun in his hand 
2501,a troll troll troll troll troll troll troll troll troll troll troll troll troll troll troll.
2502,a minion 
2503,a minion 
2504,a minion 
2505,a minion holding a guitar.
2506,a minion 
2507,a minion 
2508,a cartoon character 
2509,a minion 
2510,a minion 
2511,a minion 
2512,a snowman and a minion.
2513,a minion 
2514,a minion with a gun.
2515,a minion 
2516,a minion 
2517,a minion 
2518,two minions minions minions minions minions minions minions minions minions minions minions minions minions minions minions.
2519,a group of minions minions minions minions minions minions minions minions minions minions minions minions minions.
2520,a minion 
2521,a minion holding a cup of coffee.
2522,a minion 
2523,a minion 
2524,a minion 
2525,a minion 
2526,two minions minions minions minions minions minions minions minions minions minions minions minions minions minions minions.
2527,a minion 
2528,a minion 
2529,a yellow background  vs a minion 
2530,a minion 
2531,a minion 
2532,a minion 
2533,a minion 
2534,a minion with a pair of glasses on it's head.
2535,a minion 
2536,a minion 
2537,a minion 
2538,a minion with headphones on.
2539,a minion sitting in an office with a cup of coffee.
2540,a minion 
2541,a minion with a flower crown on it's head.
2542,a minion 
2543,a minion  vs a man in a suit and tie
2544,a minion 
2545,a minion 
2546,a minion holding a phone.
2547,a minion 
2548,a minion 
2549,a minion 
2550,a minion 
2551,a minion 
2552,a minion 
2553,a purple bird 
2554,a minion 
2555,a minion 
2556,a minion 
2557,a minion 
2558,a minion 
2559,a minion 
2560,a minion 
2561,a minion and a minion.
2562,a dump truck full of gold coins.
2563,a minion with bananas on it.
2564,a cartoon character 
2565,a minion 
2566,a minion 
2567,two minions minions minions minions minions minions minions minions minions minions minions minions minions minions minions.
2568,a minion 
2569,a minion holding a flower.
2570,a minion 
2571,a minion 
2572,a minion 
2573,a minion 
2574,a minion 
2575,two minions minions minions minions minions minions minions minions minions minions minions minions minions minions minions.
2576,a minion 
2577,a minion 
2578,"a minion holding a sign that says, ` ` ` ` ` ` `."
2579,a minion 
2580,a minion 
2581,two minions minions minions minions minions minions minions minions minions minions minions minions minions minions minions.
2582,a minion 
2583,a minion 
2584,a flower 
2585,a minion 
2586,a minion 
2587,a minion 
2588,a minion 
2589,a minion 
2590,a minion 
2591,a minion 
2592,a minion 
2593,a minion 
2594,a minion 
2595,a minion 
2596,a minion 
2597,a minion 
2598,a minion 
2599,a minion minion 
2600, vs a minion with glasses on
2601,a minion 
2602,a minion with a thought bubble.
2603,two minions minions minions minions minions minions minions minions minions minions minions minions minions minions minions.
2604,a minions minions minions minions minions minions minions minions minions minions minions minions minions minions minions.
2605,a cartoon character 
2606,a minion 
2607,"minions from the minions movie, minions movie, minions"
2608,two people dressed as minions.
2609,a minion 
2610,a minion sitting on top of a table.
2611,a minion and a minion  vs minions from the minions movie
2612,two minions minions minions minions minions minions minions minions minions minions minions minions minions minions minions.
2613,a minion 
2614,two minions minions minions
2615,a minion 
2616,a minion 
2617,a minion 
2618,a minion with a chef hat and glasses.
2619,a minion 
2620,a minion in a police uniform.
2621,two minions minions
2622,a cartoon character 
2623,a minion 
2624,a minion 
2625,a minion 
2626,a minion 
2627,a minion 
2628,a minion 
2629,a minion 
2630,a minion wearing sunglasses and a green dress.
2631,a minion 
2632,a minion laying down 
2633,"three minions minions minions, minions vs a white background "
2634,three minions minions minions minions minions minions minions minions minions minions minions minions minions minions minions.
2635,a minion 
2636,"a minion with a crown on it's head vs two minions minions minions, minions memes, minions memes, minions memes"
2637,a minion 
2638,a minion 
2639,a minion 
2640,a minion 
2641,a minion 
2642,a minion 
2643,a minion 
2644,a minion 
2645,a minion 
2646,a minion 
2647,a minion 
2648,a minion 
2649,a minion 
2650,a minion 
2651,a minion and a minion minion 
2652,a minion 
2653,two minions with a heart shaped balloon.
2654,a minion 
2655,a minion 
2656,a minion 
2657,"a man holding a sign that says,'we have been comrised '."
2658,two people in a car.
2659,a minion 
2660,two minions minions minions minions minions minions minions minions minions minions minions minions minions minions minions.
2661,two minions minions christmas minions minions minions minions minions minions minions minions minions minions minions minions.
2662,a man wearing a headscar.
2663,a man sitting in a chair 
2664,a man in a suit and tie.
2665,a man in a suit sitting at a desk.
2666,a woman with her hand on her face.
2667,a woman in a room 
2668,a woman sitting on a couch.
2669,a man with long hair.
2670,a man with a mustache and mustache.
2671,a woman holding a red heart vs a man with long hair
2672,some of the characters in the movie.
2673,a woman 
2674,"a man in a suit and tie, "
2675,a woman talking to someone.
2676,a man with glasses pointing at a butterfly.
2677,a woman in a pink shirt 
2678,a woman with red hair and glasses.
2679,a man in a suit and tie vs hillary sanders and hillary sanders
2680,a girl with glasses saying what do you say to say no?.
2681,a man with a gun in his hand.
2682,a man and a woman 
2683,a man pointing at the camera 
2684,a woman in a white dress 
2685,a woman's lips 
2686,an elephant and a man.
2687,a young girl in a library.
2688,a girl holding an owl.
2689,"a sign that says, you'd have a beautiful daughter."
2690,wonder wonder wonder wonder wonder wonder wonder wonder wonder wonder wonder wonder wonder wonder wonder wonder.
2691,a woman sitting in a chair.
2692,a man riding a wave.
2693,a man in a black shirt 
2694,a gun 
2695,"a woman's face  vs a woman with her hands in the aira woman's face , a woman with her hands in the air, a black background with blue"
2696,a lizard with its mouth open.
2697,a man in a hat 
2698,a man in a car.
2699,a piece of paper with a message on it.
2700,hillary giving a speech.
2701,a man talking on the phone.
2702,a woman in a red swimsuit.
2703,a woman sitting in a chair.
2704,a woman with eyebrows and eyebrows.
2705,a black and white poster 
2706,
2707,a woman pointing at the camera.
2708,hillary 
2709,a woman with tattoos on her face.
2710,"a girl with red hair and green eyes, standing in front of a blue background."
2711,a person wearing sunglasses 
2712,a little girl in front of a fire vs a girl with a fire in the background
2713,a minion 
2714,a cat sitting on the floor vs a black and white cat
2715,a woman with a hat on vs a cat wearing a hat
2716,a woman cooking in a kitchen.
2717,a pile of chocolates 
2718,a man with a mustache and mustache.
2719,a cartoon character eating a sandwich.
2720,a man with a computer.
2721,a group of people sitting on the floor.
2722,a man with a gun in the desert.
2723,a woman in a red shirt.
2724,a woman in a pink tank top.
2725,a man and woman sitting at a table.
2726,a man in a suit sitting at a desk with his head in his hands.
2727,a group of people standing in front of a black background 
2728,a person drinking a drink.
2729,a woman sitting on a couch.
2730,"a girl with glasses and a poster that says, ` ` ` ` ` ' vs two people on a magazine cover"
2731,a man with a smile on his face.
2732,some people with different faces.
2733,abraham abraham abraham abraham abraham abraham abraham abraham abraham abraham abraham abraham abraham abraham abraham abraham.
2734,a cartoon character 
2735,a guy 
2736,a monster with a sword on it's back.
2737,a man in a suit and tie.
2738,a man in a suit and tie.
2739,an old man wearing a hat.
2740,a woman in a red shirt.
2741,a woman in a red shirt.
2742,a flower  vs a baby wearing a monkey costume
2743,a man standing next to a flower.
2744,an old man sitting on a couch.
2745,an old man wearing a hat.
2746,two men hugging in a room.
2747,an old man with a beard and glasses.
2748,a man sitting in a chair with a cell in his hand.
2749,a woman in a bathing suit and an image of a man in a bathing suit.
2750,a group of men sitting on a couch.
2751,a group of men standing on a stage.
2752,a man with a beard and a man with a mustache vs an old man with a beard and glasses
2753,a woman with green hair and a man in the background.
2754,a man with his hands up in the air.
2755,two men sitting at a table.
2756,an old man with a beard and glasses.
2757,a man standing next to a statue.
2758,two men shaking hands in front of a painting.
2759,a man in a yellow shirt.
2760,a man and a woman 
2761,a man talking to a woman.
2762,a man with a smile on his face.
2763,a man in a white suit and sunglasses.
2764,a man with a speech bubble in front of him.
2765,a man sitting in a chair with his arms crossed.
2766,a man giving a speech.
2767,a woman talking to a child.
2768,a man hugging another man.
2769,"a man in a suit  vs a man with a gun in his hand, "
2770,a man wearing a hat.
2771,a man holding a bat and a picture of a man with a bat vs an air force badge on a black leather wallet
2772,a man sitting in front of a money bill.
2773,a man in a suit and tie.
2774,a man standing in front of a microphone.
2775,a man with his arms raised 
2776,a man with a red tuk on his head 
2777,an old man with a beard and mustache.
2778,a man wiping his face with a handkerchief.
2779,"two men sitting on a bed, one is reading a book and the other is."
2780,two men sitting at a table.
2781,a man singing into a microphone.
2782,a man giving a speech.
2783,a man hugging another man vs president trump kissing a woman in front of an american flag
2784,a man in a suit sitting at a desk.
2785,a man and a woman.
2786,a man with a white beard and glasses.
2787,a man in a suit and tie that says that's not how science works.
2788,a man in a white shirt and a man in a white shirt with a black.
2789,a man jumping in the air.
2790,a man with a cell phone.
2791,a man with a white beard and a white beard and a black beard and a vs a man 
2792,a man in a yellow shirt and sunglasses.
2793,"a man in a black suit and a white beard, "
2794,a man in a suit waving.
2795,"the prime of india, naren singh singh singh singh singh singh singh singh singh."
2796,two men sitting on a motorcycle.
2797,"the prime of india, pm naren singh singh singh singh singh singh singh singh."
2798,a man in a tuk  vs a man in a suit and tie 
2799,"a man and woman in a wedding dress, "
2800,two men shaking hands in front of an indian flag.
2801,two men sitting on a couch.
2802,sponge sponge sponge sponge sponge sponge sponge sponge sponge sponge sponge sponge sponge sponge sponge sponge.
2803,a man with glasses on his head.
2804,two men and one woman 
2805,a man in sunglasses 
2806,a man in a suit standing on top of a building.
2807,a man  vs a man looking up at the hell - a picture of a man looking up at
2808,a man with glasses 
2809,a sunset vs a man with sunglasses on
2810,a man with a beard and glasses.
2811,a man in a white lab coat.
2812,a cat wearing sunglasses vs a cat sitting on top of a table
2813,a man with sunglasses on.
2814,a poster 
2815,a man with a beard 
2816,a man 
2817,a man in a suit and tie 
2818,a man in a karate stance 
2819,a man with glasses 
2820,a man 
2821,a man with glasses on.
2822,the matrix matrix matrix matrix matrix matrix matrix matrix matrix matrix matrix matrix matrix matrix matrix.
2823,two men standing next to each other man.
2824,a ferrett in a bag.
2825,a man in a suit and sunglasses 
2826,a man holding two pills.
2827,a group of people with red paint on their faces.
2828,a man with a green lantern on his face.
2829,a man with sunglasses on.
2830,a man with sunglasses on.
2831,the matrix matrix matrix matrix matrix matrix matrix matrix matrix matrix matrix matrix matrix matrix matrix.
2832,a man with sunglasses on.
2833,a person holding a mouse.
2834,a man in a crowd with
2835,a bald man 
2836,a man holding a pill pill pill pill pill pill pill pill pill pill pill pill.
2837,a man in sunglasses 
2838,a person in a mirror vs a man in a suit and tie
2839,a man wearing a cowboy hat.
2840,a man in a karate stance.
2841,two women with sunglasses on.
2842,the matrix matrix matrix matrix matrix matrix matrix matrix matrix matrix matrix matrix matrix matrix matrix.
2843,a bald man 
2844,a man with glasses 
2845,a man in a cowboy hat and a man in a suit.
2846,a man in a leopard suit and sunglasses.
2847,a spider laying on the ground.
2848,a man with a bunch of potatoes.
2849,a young boy 
2850,a boy 
2851,a young boy 
2852,a person 
2853,a kid 
2854,a man sitting in a chair.
2855,a man pointing at the camera.
2856,a young boy 
2857,a young boy 
2858,a guy with a smile on his face.
2859,an older man 
2860,a kid in a school uniform and a picture of a boy in a school uniform.
2861,a person eating food.
2862,a man with a beard and a birthday cake.
2863,a man holding up a sign.
2864,a kid 
2865,a person wearing a plaid shirt and smiling.
2866,a young boy 
2867,a baby in a green shirt.
2868,a boy with a smile on his face.
2869,a kid 
2870,a young boy with a smile on his face.
2871,a young boy with a smile on his face vs a man in a basketball uniform
2872,a man with a smile on his face vs a man in a green shirt
2873,a man in a pink outfit with a pink mohawk on his head.
2874,a young boy with a smile on his face.
2875,a young boy smiling vs a man playing a video game
2876,a man wearing a headset.
2877,a girl with red hair.
2878,a man in a suit talking to a woman.
2879,a man in a suit pointing at the camera.
2880,a guy with a smile on his face.
2881, vs a young boy with a smile on his face
2882,a man in a suit and tie.
2883,a young boy looking at the camera.
2884,a baby in a pink shirt.
2885,a person in front of a blackboard.
2886,a boy with a purple and orange background.
2887,a man in a plaid shirt and a picture of a man in a plaid shirt.
2888,a person with a tattoo on their arm.
2889,a man in a suit and tie.
2890,an old nintendo game boy.
2891,a girl in front of a blackboard.
2892,a person wearing a red hat.
2893,a man in a suit and tie.
2894,a man with a smile on his face.
2895,the matrix matrix matrix matrix matrix matrix matrix matrix matrix matrix matrix matrix matrix matrix matrix.
2896,a cat that is looking at the camera.
2897,a man and a dog vs a young boy with a smile on his face
2898,a man talking on the phone vs a young boy 
2899,"the face of a person that says, ` vs the face of a person that says i'm'm'm'm"
2900,a twitter post 
2901,a cartoon character with a candle in his hand.
2902,a group of people with vs a woman in a white dress
2903,a kid with a birthday card.
2904,a man in a green shirt.
2905,a baby drinking a beer.
2906,a boy with glasses and a hat.
2907,a young boy smiling 
2908,a cat with a capt.
2909,a young boy with a smile on his face.
2910,a group of people sitting on a bench.
2911,a young boy 
2912,a woman with a pink headband.
2913,two men in vests and vests 
2914,a squirrel standing on a bench.
2915,a man sitting on the floor with a beer.
2916,an old man wearing a hat.
2917,a blue fish 
2918,a shark 
2919,a turtle in the ocean.
2920,a couple kissing in front of a fish.
2921,a turtle in the water.
2922,two sharks in the ocean with
2923,a blue and yellow fish.
2924,a girl with a red hair and a red bow on her head.
2925,a person holding a red star.
2926,a fish 
2927,a girl holding a sign.
2928,a seagul 
2929,a fish 
2930,a shark and other animals.
2931,a shark  vs a shark with its mouth open
2932,a kitten playing with a toy.
2933,a fish 
2934,an orange clown in the ocean.
2935,an animal 
2936,a shark 
2937,a cat 
2938,an otter 
2939,a bunch of birds sitting on a tree branch.
2940,a turtle swimming in the ocean.
2941,a shark swimming in the ocean vs the logo for a company
2942,a car with a face painted on it.
2943,a clown in the ocean.
2944,two fish in the ocean.
2945,clown clown clown clown clown clown clown clown clown clown clown clown clown clown clown clown.
2946,a cat laying on the floor.
2947,a girl with a fake face.
2948,a fish in the ocean.
2949,a girl 
2950,a person holding a cat.
2951,a clown 
2952,an aquarium with a fish in it vs an orange fish swimming in the ocean
2953,two people with their hands together.
2954,a bird with its mouth open.
2955,a cartoon character 
2956,a woman yelling at a man in a restaurant.
2957,a fish swimming in the ocean.
2958,a cartoon character 
2959,a face 
2960,clown clown clown clown clown clown clown clown clown clown clown clown clown clown clown clown.
2961,a man in a white shirt pointing at something.
2962,a horse 
2963,clown clown clown clown clown clown clown clown clown clown clown clown clown clown clown clown.
2964,a fish 
2965,some fish in an aquarium.
2966,a turtle swimming in the water.
2967,a fish and a fish in the water.
2968,a smiling shark 
2969,a clown 
2970,a blue and yellow fish 
2971,a fish 
2972,"a man in a suit and tie, "
2973,a fish with a capt.
2974,a fish 
2975,a man with his mouth open 
2976,a girl with a big smile on her face.
2977,a group of anime characters.
2978,a cartoon character 
2979,a sea otter with a green cup in its mouth.
2980,a shark with a fish in it's mouth.
2981,a dog wearing a fish costume vs a white background 
2982,a goldfish in an aquarium.
2983,the president giving a thumbs gesture.
2984,two men in suits and ties.
2985,the president laughing and smiling.
2986,president obama and president trump.
2987,a man holding a medal.
2988,the president pointing his finger at the camera.
2989,"a man in a suit and tie,  vs a man in front of an american flag"
2990,a man in a suit and tie.
2991,a man and woman looking at a computer.
2992,a woman holding a baby.
2993,a man in a white shirt and tie holding a toy.
2994,president obama and first lady michelle bach.
2995,a man in a suit talking on a cell.
2996,president person 
2997,a man in military uniform.
2998,a woman talking to a man.
2999,a hand holding a cookie in a jar.
3000,a man in a suit and tie with a woman.
3001,president obama  vs the back of the back of the back of the back of the back of the
3002,a man in a suit and hat.
3003,a woman with a funny expression.
3004,the president sitting in a chair with his hand on his face.
3005,the president giving a speech.
3006,a man in a suit and tie sitting at a table.
3007,a man in a suit and tie.
3008,a man in a suit holding a pokemon ball.
3009,the president giving a thumbs.
3010,the president pointing his finger at the camera.
3011,donald the best ever.
3012,the president of the united.
3013,president obama giving a speech.
3014,president obama holding up a t - shirt.
3015,a man in a suit and tie.
3016,president obama looking up at the sky.
3017,a man and a woman 
3018,a man in a suit and tie talking to another man in a suit.
3019,president obama and batman.
3020,a man with a smile on his face.
3021,two men looking at something on a tablet.
3022,the president of the united 
3023,president obama talking on the phone.
3024,two men smiling at the camera.
3025,president obama giving a speech.
3026,a woman with an american flag in the background.
3027,president obama and first lady michelle obama.
3028,president obama giving a speech.
3029,a man in a suit and tie.
3030,president obama 
3031,a woman talking on the phone.
3032,the president talking on the phone.
3033,a man in a suit and tie.
3034,a man in a white shirt and white pants vs a man walking down the street
3035,a man in a tuxed tuxed tuxed tuxed tuxed tuxed.
3036,president obama and president bill clinton.
3037,a man in a suit and a woman in a bikini vs a man and woman on a boat
3038,a man in a suit talking to a group of people.
3039,president obama and first lady michelle bach.
3040,a man in a suit and tie.
3041,a man in a suit pointing his finger at the camera.
3042,the president and his wife.
3043,president obama standing in front of an american flag.
3044,a man standing in front of an oven.
3045,the president giving a speech.
3046,a man in a fur coat holding a microphone.
3047,a man with a finger on his nose.
3048,president obama and his wife.
3049,a man with a gun in his hand.
3050,president obama laughing with a group of people.
3051,a man in a military uniform.
3052,president obama giving a speech.
3053,a baby in a green shirt.
3054,a man in a suit and tie with a gun in his hand.
3055,"a man with long hair, wearing a leather jacket and holding his hand up to."
3056,a man in a suit and hat.
3057,a man in front of a white house.
3058,a man in a suit holding a microphone.
3059,a man in a suit and sunglasses.
3060,the president and his face.
3061,president obama and the white house.
3062,the 9 11 11 11 11 11 11 11 11 11 11 11 11 11 11.
3063,president obama waving at a window.
3064,a man in a suit and tie.
3065,two women sitting in front of a fireplace.
3066,a woman holding a sign.
3067,two men sitting at a desk.
3068,a man in a suit and tie.
3069,president person and president person in the oval room of the white house vs a man in a suit and tie
3070,a man in a suit and tie.
3071,a man in a tuxed tuxed tuxed tuxed tuxed tuxed.
3072,a man in a suit and tie sitting next to another man in a suit.
3073,a man and woman on a plane.
3074,the president of the united.
3075,two penguins standing on top of an iceberg.
3076,a man with a penguin on his head.
3077,a bird standing on the beach.
3078,a penguin 
3079,a penguin and two penguins in the snow.
3080,a penguin with a no anime allowed sign.
3081,a penguin standing on top of a snow covered hill.
3082,a baby in a cribt.
3083,a penguin sitting on top of a rock.
3084,a penguin on a red background.
3085,a bird 
3086,a penguin 
3087,a penguin sitting on top of a table vs a barcode with a barcode on it
3088,penguins and penguins 
3089,a penguin that says i like the cold because i'm a bad penguin.
3090,a bear sitting on top of a log.
3091,a penguin on a green background.
3092,two penguins and one penguin.
3093,a penguin  vs a penguin in a circle
3094,a penguin 
3095,a cartoon character 
3096,a green frog 
3097,a penguin and a group of soldiers.
3098,a penguin and a penguin walking down the street.
3099,a shark jumping out of the water vs two penguins on the beach
3100,a penguin 
3101,a penguin 
3102,a group of penguins and penguins.
3103,a penguin with a capt.
3104,harry and his friends.
3105,a penguin 
3106,a penguin and a penguin in the snow.
3107,a penguin and its baby.
3108,a penguin standing on the ground.
3109,two eggs on a plate.
3110,a rabbit with a gun.
3111,a penguin 
3112,a penguin that is jumping in the air.
3113,a woman with a cigarette in her mouth.
3114,a monkey in the middle of a room.
3115,a penguin 
3116,a penguin walking in the snow.
3117,a penguin being held by a man.
3118,a penguin and a penguin 
3119,"a cartoon character with a speech bubble that says, ` ` ` ` ` `."
3120,two penguins standing next to each other penguins.
3121,a penguin with a birthday hat.
3122,a penguin sitting on the ground.
3123,a penguin and a penguin in a hole.
3124,a penguin in the snow.
3125,penguins and penguins with a speech bubble.
3126,a person standing in front of a whiteboard.
3127,a penguin with its mouth open in the snow.
3128,a cat standing in the snow.
3129,a man with long hair and beards.
3130,a penguin 
3131,a penguin 
3132,two penguins standing next to each other penguins.
3133,a black and white photo  vs two penguins walking on the beach
3134,a penguin with a capt vs a penguin 
3135,a cartoon character with a capt.
3136,a penguin 
3137,a penguin sitting in the grass.
3138,a bird 
3139,two penguins standing next to each other penguins.
3140,a cartoon character 
3141,a purple frog 
3142,a frog with a gun.
3143,a person looking at a window.
3144,a frog with a gun in his hand.
3145,a frog and a frog face.
3146,a cartoon character 
3147,a frog 
3148,a person 
3149,a frog 
3150,a frog 
3151,a cartoon character 
3152,a monkey 
3153,"a frog holding a sign that says, `''."
3154,a frog sitting at a desk 
3155,a green monster with red eyes.
3156,a frog sitting on top of a toilet.
3157,a bee in a sweater.
3158,a frog with glasses on it's face.
3159,a man and a woman 
3160,a frog sitting on the ground.
3161,a frog wearing a football uniform.
3162,a city with a water tower in the background.
3163,a frog with a speech bubble bubble bubble bubble bubble bubble bubble bubble bubble bubble bubble.
3164,a man in a suit and tie 
3165,a frog 
3166,a cartoon character with a capt.
3167,a person in a room with a whiteboard.
3168,a frog 
3169,a cartoon character 
3170,a frog holding a banana.
3171,a cartoon frog 
3172,a frog and a frog face.
3173,a frog 
3174,a frog holding a rifle.
3175,a man in a hoodie and a picture of a man in a hoodie vs a person wearing a frog mask
3176,a frog wearing a beanie hat.
3177,a man holding a frog.
3178,a man standing in front of a newspaper.
3179,a cartoon character 
3180,a frog wearing sunglasses 
3181,some of the different types of pokemon.
3182,a cartoon character with four different expressions.
3183,a cartoon character 
3184,a frog wearing sunglasses and holding a gun.
3185,a skeleton 
3186,a frog with a beard.
3187,a girl with pink hair.
3188,a person hanging on a rope.
3189,a cartoon frog 
3190,a frog wearing a baseball cap.
3191,a cartoon character 
3192,a frog wearing a hard hat and holding a drill.
3193,a frog and a woman.
3194,a man in a red shirt.
3195,a man in a red shirt.
3196,a man in a red shirt pointing at the camera.
3197,a man holding a glass.
3198,a man in a star trek uniform.
3199,a man in a red shirt pointing his finger at the camera.
3200,a man in a red shirt vs a pack of pills on a white background
3201,a man in a red shirt pointing at the camera.
3202,a man in a pink shirt.
3203,a man holding a log.
3204,a man in a red shirt.
3205,a man in a red shirt pointing at the camera.
3206,a man in a red shirt with his hands on his face.
3207,a man sitting in a chair reading a book.
3208,a baby 
3209,a man sitting on a couch with a laptop.
3210,a man 
3211,a man in a red shirt with a fist.
3212,a man in a red shirt talking to another man.
3213,a man in a red shirt and a windmill.
3214,a man in a red shirt pointing at the camera.
3215,a man wearing glasses and a bow tie.
3216,an older man with his hands on his face.
3217,a man talking on the phone.
3218,a man sitting in a chair.
3219,a man holding a gun.
3220,a man pointing at something.
3221,three men standing next to each other men.
3222,a man in a suit and tie.
3223,a man in a red shirt.
3224,a man in a star trek uniform.
3225,a man sitting in front of a computer.
3226,a man in a red shirt sitting at a desk with a computer.
3227,captain kirk and captain kirk.
3228,a woman sitting on a couch.
3229,a man with a gun in his hand 
3230,a man sitting in a chair with his hand on his face.
3231,a man with his hands on his face.
3232,a man in a red shirt pointing at the camera.
3233,a man holding a guitar.
3234,a man 
3235,a man sitting in a chair.
3236,a man in a red uniform.
3237,a man in a red shirt.
3238,a man in a red shirt.
3239,a man in a red shirt.
3240,a man in a red uniform.
3241,a man pointing at the camera.
3242,a man holding a log.
3243,a man in a red shirt and hat.
3244,a man sitting in front of a computer.
3245,a man sitting in a chair.
3246,a man in a space station.
3247,a man sitting at a desk.
3248,trump and putin.
3249,a man in a suit sitting at a table.
3250,president trump and a picture of president trump.
3251,a man in a suit and tie.
3252,president trump and his wife sitting at a table.
3253,a man and woman in a wedding dress.
3254,a man in a military uniform.
3255,a man pointing at the camera.
3256,a man in a suit and tie.
3257,a man standing on top of a building.
3258,a man holding a gun.
3259,a man in a suit and tie.
3260,a person dressed as the joker.
3261,a man giving a thumbs.
3262,a man holding a gun.
3263,a bunch of balloons 
3264,a man kneeling on the ground with a backpack in front of him.
3265,a man in a suit standing next to a lemon.
3266,a man with a beard 
3267,a man with a beard and a beard.
3268,a sun 
3269,a woman wearing a mcdonald hat.
3270,a woman in a red dress holding a microphone.
3271,a man in a suit holding a pen.
3272,"a man with a red, white and blue face."
3273,three men in suits holding candles.
3274,a man wearing sunglasses 
3275,a man kissing a dog.
3276,a man in a suit holding a kolo.
3277,a man in a suit talking to a woman.
3278,a man in a suit and tie speaking into a microphone.
3279,a man in a suit and sunglasses.
3280,president obama and the president of the united.
3281,a man in a fur coat holding a sword.
3282,president obama talking on the phone.
3283,a man wearing a vest.
3284,a man in karate gear.
3285,a man with his hands over his face.
3286,a man in a suit pointing at the camera.
3287,a man in a suit and tie.
3288,a man in a suit and sunglasses.
3289,a man in a suit and tie.
3290,a man in a suit writing.
3291,a man in a suit giving a speech.
3292,a man in a suit and tie.
3293,the faces of politicians.
3294,a dog and two people.
3295,a man in a suit and tie.
3296,a man holding a glass of beer.
3297,a man in a suit and sunglasses.
3298,a man in a suit and tie sitting at a table.
3299,a man in a suit pointing at something.
3300,a group of people talking.
3301,a man holding a microphone.
3302,a woman 
3303,a group of people in suits and ties.
3304,a book with the title put was fairyed and other jokes you can't.
3305,a man in a suit sitting at a desk.
3306,a man in a suit and tie.
3307,a man in a black sweater talking on the phone.
3308,one does meme.
3309,a diver in the water.
3310,a man in the water with a shark.
3311,a man in a suit and a woman in a dress.
3312,a group of people in a crowd.
3313,a man in a suit sitting on a chair.
3314,a group of people dancing together.
3315,a man in a suit on a boat.
3316,two men in suits and ties vs a man in a suit and tie
3317,a man in a suit waving.
3318,a man in a suit and tie pointing at the camera.
3319,a man sitting in front of a computer.
3320,two men in suits and ties vs a man in a suit and tie dancing
3321,"two men in suits and one in a suit vs two men in suits and ties, one wearing a suit and the other wearing a"
3322,president obama and russian president putin.
3323,a man in a suit and tie.
3324,a man eating popcorn.
3325,a man looking through binoculars.
3326,a woman in a white dress and a man in a suit talking to each other.
3327,a man in a suit and sunglasses.
3328,a man with a mustache and mustache.
3329,a group of men standing next to each other men.
3330,a man in a suit holding a doll.
3331,a man in a suit talking on a phone.
3332,a cow and a pig in a field vs a hamburger with bacon and cheese
3333,a woman with a rainbow face painted on her face vs a woman with makeup on her face
3334,two men in suits sitting down.
3335,a dragon eating a hot dog.
3336,a man in a hospital bed.
3337,a man and a woman  vs two men standing next to each other man
3338,a man with a beard 
3339,a woman talking to a child.
3340,a man in a suit and tie 
3341,an old man wearing a hat.
3342,a man with his mouth open.
3343,two men sitting on a couch.
3344,a man in a lab.
3345,a man in a suit and tie.
3346,a bowl filled with rice vs a dog in a bowl of rice
3347,a man holding a microphone.
3348,a man with glasses 
3349,a man in a black leather jacket.
3350,a man in a white shirt and tie.
3351,a woman with glasses and a red background.
3352,a man and a woman sitting on a bench.
3353,a man with a beard 
3354,a woman with a funny expression vs a woman in a yellow shirt
3355,a woman with long hair 
3356,a man with his mouth open.
3357,a woman with a surprised look on her face vs a white background with a black and white
3358,a man in a suit and tie.
3359,a lion and a man.
3360,a man in a suit smoking a cigarette.
3361,a man in a suit and tie.
3362,a man with long hair in a red truck.
3363,a woman with glasses and a red background.
3364,a group of girls posing for the camera.
3365,a woman holding a sign.
3366,a man sitting in a chair.
3367,a man shaking another man's hand at a basketball game.
3368,a black woman with red hair.
3369,a woman with a black hair.
3370,a man with long hair and a beard that says i'm'm '.
3371,a cartoon character with a capt.
3372,a man in a costume that says i'm king.
3373,a man fixing a sink in a bathroom.
3374,a man in a suit with his mouth open.
3375,a man in a suit and tie waving.
3376,an older man 
3377,a man in a suit and tie.
3378,a soldier holding a watermel.
3379,a man in a white shirt 
3380,a penguin sitting on top of an iceberg.
3381,a man with a mustache and mustache.
3382,a cartoon character holding a cell phone.
3383, vs a man smoking a cigarette
3384,a dog with glasses on it's face.
3385,a man in a suit and tie.
3386,two men in suits standing next to each other men.
3387,a crowd 
3388,a man with a tattoo on his back.
3389,two boys 
3390,a man standing in front of a house.
3391,the joker in the dark knight movie.
3392,
3393,a man in a suit pointing a finger at the camera.
3394,a man in a red shirt pointing at the camera.
3395,a cat 
3396,two kids eating a turkey.
3397,a man in a suit and a woman in a wedding dress.
3398,a woman holding a cat.
3399,a man in a suit holding a gun.
3400,a person drinking tea and drinking tea.
3401,a man in a red shirt.
3402,a baby in a bunny suit.
3403,a group of people behind a fence.
3404,a man standing in front of a refrigerator.
3405,a woman on a tv screen vs a man in a suit and tie
3406,a group of women in black veils.
3407,a man in a hat and a picture of a man in a shirt.
3408,a man in an orange jacket.
3409,two people posing for a picture.
3410,a man with a beard playing basketball.
3411,a baby orang and an orang.
3412,a bigfoot and a unicorn.
3413,a man in a red suit with his hands up vs 
3414,a man holding a gun.
3415,a bear on a log.
3416,a husky dog with its mouth open.
3417,two police officers on the street.
3418,a blue fish 
3419,an old man with a long beard.
3420,two football players kneeling on the field.
3421,a panda holding a stick 
3422,a woman washing her baby in a bathtub.
3423,a little girl and a man.
3424,a woman and a man 
3425,a field of cotton plants.
3426,a boy writing in a classroom.
3427,a man in a top hat and bow tie.
3428,a man in a suit and tie.
3429,a young boy with his mouth open.
3430,an old man with a beer.
3431,a man holding a gun.
3432,two men wearing different outfits.
3433,a man with glasses and a green background.
3434,the president laughing 
3435,a man with his hands on his head.
3436,a man in a suit and tie.
3437,a man in a tuxed tuxed tuxed tuxed tuxed tuxed.
3438,a man with his mouth open.
3439,a man in a suit talking to another man.
3440,a man with a thumbs up.
3441,a person in a hoodie 
3442,three men with different facial expressions.
3443,a man sitting on a bench.
3444,a man in a suit and tie.
3445, vs a man and woman looking at each other people
3446,a man talking on the phone.
3447,a man in a suit and tie with a microphone in front of him.
3448,a man in a top hat and top hat.
3449,two men standing next to each other men.
3450,a man giving a speech.
3451,a group of people sitting on the ground.
3452,"a man in a suit and tie,  vs a man in a white shirt "
3453,a man sitting in a chair.
3454,a man in a suit and tie.
3455,two men talking to each other man.
3456,a man with a beard.
3457,a man in a white shirt holding a microphone.
3458,a man in a suit and tie.
3459,a man in a white shirt.
3460,a man with his hand up in the air.
3461,a woman with glasses 
3462,a man with a red face paint on his face.
3463,a man in a suit and tie.
3464,two people with a microphone in front of them.
3465,a man with glasses and a white shirt.
3466,a man standing in front of rows of beds.
3467,a man with his hand up in the air.
3468,a man in a suit and sunglasses.
3469,a man and woman sitting in a room vs a woman with glasses on her face
3470,a man with his mouth open.
3471,a man in a white shirt looking down at the camera.
3472,a man with a smile on his face.
3473,some people with different expressions.
3474,a man in a suit and tie.
3475,two men in suits and ties.
3476,a man with long hair vs a woman playing tennis
3477,a group of people sitting around a table.
3478,a man in a white robe waving.
3479,a man with a beard and a white shirt.
3480,a man with a baseball bat.
3481,a man in a suit and tie vs a man sitting at a table
3482,a man giving a peace sign.
3483,a man with long hair.
3484,a man holding a camera in front of a crowd.
3485,a man and a woman with a smile on their faces.
3486,two men shaking hands.
3487,a man with a beard.
3488,a woman holding her head.
3489,a woman 
3490,a man with a bald hair and glasses.
3491,a man in a suit and tie and a man in a suit and tie with.
3492,a man talking on the phone.
3493,a man with his head in his hands.
3494,a seal in the water.
3495,a man with a rifle.
3496,a baby seal in the snow.
3497,a seal in a basket.
3498,a seal with its mouth open.
3499,two soldiers in the water.
3500,a group of people standing on top of an iceberg vs a baby seal in the snow
3501,a seal in the water.
3502,a seal with its mouth open.
3503,a shark and a shark with a capt.
3504,a turtle looking at the camera.
3505,a dog that is looking at the camera.
3506,a woman in a nun costume.
3507,a seal sitting on a rock.
3508,a seal 
3509,a dog and some food.
3510,a baby seal in the snow.
3511,a seal in the water.
3512,a seal seal 
3513,a seal in the water.
3514,a rad rad rad rad rad rad rad ra.
3515,a black and white
3516,a man holding a piece of paper.
3517,a seal 
3518,soldiers walking through a burning field vs a man digging dirt with a shovel
3519,two people swimming in the ocean.
3520,a cat that is laying on the floor.
3521,two rabbits laying on the ground vs a dog with a heart on it's chest
3522,a man in a suit and tie waving.
3523,"two men with sunglasses on, one is looking at the camera and the other is vs a group of people talking to each other people"
3524,a man in a car with his tongue out.
3525,a man and a woman on a boat.
3526,a seal 
3527,a dog on the stairs.
3528, vs a seal and a seal on a rock
3529,a seal 
3530,a seal and a seal in the ocean vs a fish with a big eye
3531,a baby seal in the snow.
3532,a snowball in the snow.
3533,an otter eating an apple.
3534,a seal 
3535,a seal 
3536,a seal 
3537,a seal in the water.
3538,a seal with a capt.
3539,a seal sitting on top of a rock.
3540,a cat 
3541,a seal on the ground.
3542,a man in a black shirt and white gloves holding a black object.
3543,a car  vs people sitting on the roof of a building
3544,a seal in the middle of a picture of a seal in the middle of a.
3545,a seal with its mouth open.
3546,a shark jumping out of the water.
3547,a polar bear in the snow.
3548,a cat with a balloon in the air.
3549,a seal with its mouth open.
3550,a cat 
3551,a seal on the ground vs a white background 
3552,a seal 
3553,a seal with a potato in its mouth.
3554,a police officer with a dog.
3555,a woman and a seal on a boat.
3556,a seal on the beach.
3557,a puffy puffy puffy puffy puffy puffy puffy puff.
3558,a man in a suit and tie with the twin towers in the background.
3559,an elephant with a balloon in the air.
3560,a seal 
3561,two sea lions sitting on a rock.
3562,a pug looking at the camera.
3563,a dog looking up at the camera.
3564,the joker in a box.
3565,a boat in the water and a picture of a boat in the water.
3566,a soldier 
3567,a sea otter with a plastic cup in its mouth.
3568,a dog laying on the floor.
3569,a seal seal 
3570,a man feeding a sea lion.
3571,a seal in the water.
3572,a seal vs a seal 
3573,a seal wearing a police hat.
3574,a building 
3575,a snowball in the snow.
3576,a seal in the rear view mirror vs a seal in the side view mirror
3577,a cartoon character 
3578,a seal on the ground.
3579,a seal in the snow.
3580,a baby seal in the snow.
3581,a penguin jumping out of the water.
3582,a seal on a rock.
3583,a group of people standing in a row.
3584,a woman kissing a seal.
3585,a dog laying on the floor.
3586,a man holding an american flag.
3587,a sea lion 
3588,a bear on a log.
3589,ruth ginsberg 
3590,
3591,a woman with her hands on her head 
3592,a girl crying 
3593,a man kissing a woman 
3594,a man with a smile on his face.
3595,"a man in a yellow shirt and red pants, "
3596,a man in a suit smoking a pipe.
3597,a man with a cigarette in his mouth.
3598,an old man with a long beard and a hat.
3599,a bear sitting on a log.
3600,a woman in an astronaut suit.
3601,a man and woman hugging in front of a bus.
3602,a person with a brain in the middle 
3603,a group of people sitting at a bar.
3604,a woman with a cigarette in her mouth.
3605,two women standing in front of a fire.
3606,a man with glasses 
3607,president bill clinton giving a speech in front of an american flag.
3608,a man driving a car with a woman in the back seat.
3609,a man sitting in front of a computer.
3610,a person in ski gear.
3611,a man sitting at a table.
3612,a girl with blonde hair and
3613,two people that are smiling.
3614,two men standing next to each other men.
3615,a woman with long hair.
3616,a man smoking a cigarette.
3617,a man wearing a hat and jacket.
3618,a young boy sitting in a chair.
3619,a man in a suit and tie 
3620,a woman holding a cup 
3621,a man in a suit and tie 
3622,a man in a suit sitting at a desk.
3623,a large pipe 
3624,a puffy puffy puffy puffy puffy puffy puffy puff.
3625,a girl in front of a blackboard 
3626,a bowl full of vegetables.
3627,a man in a suit and tie.
3628,a girl drinking a drink.
3629,a woman in a white dress holding a microphone.
3630,a man in a suit and tie.
3631,a man sitting at a table with a beer.
3632,a woman with glasses on.
3633,a woman standing next to a jeep.
3634,a man standing at a podium.
3635,a girl with a cigarette in her mouth.
3636,a man getting his hair cut.
3637,a man and woman laying on a bed.
3638,a woman with her hands on her face.
3639,a guy 
3640,a man in a suit sitting at a table.
3641,a joker with his hands up.
3642,two people sitting at a table.
3643,a woman 
3644,a man in a suit and tie 
3645,a person in a suit and tie.
3646,a girl with red hair.
3647,a woman with red hair and glasses.
3648,a man with a smile on his face.
3649,an anatomical model of the human body.
3650,a black and white
3651,a man in a suit sitting in a chair.
3652,a man and woman looking at a computer.
3653,a twee tweet 
3654,a man in a suit and tie.
3655,a person dressed as the joker.
3656,"a man in a suit and tie vs two women and a mana man in a suit and tie, two women and a man, a man in a suit and tie"
3657,a man in a suit and tie.
3658,the inside of a green light vs a woman with pink hair
3659,a man talking on the phone.
3660,a man with a mustache and mustache.
3661,a man and a woman 
3662,a man sitting at a table.
3663,two men standing next to each other man.
3664,a baby that is looking at the camera.
3665,a baby holding a dog.
3666,a crowd of people at a concert.
3667,a man holding a baby.
3668,a baby sitting on a bed.
3669,a baby 
3670,a baby with a capt.
3671,a baby sitting on a bed.
3672,a baby in a purple dress.
3673,a baby being held by a person.
3674,a baby in a car seat.
3675,a baby sitting on the ground.
3676,a baby 
3677,"a baby with a caption that says, you put your what in her what."
3678,a baby looking at the camera 
3679,a baby wearing a bow tie.
3680,a baby with a capt.
3681,a baby sitting on a couch.
3682,a baby in a white shirt 
3683,a baby in a blue shirt.
3684,a man in a suit and tie vs a man in a suit sitting at a table
3685,a man in a suit and tie.
3686,a man in a suit sitting at a desk with a laptop.
3687,a man drinking from a glass.
3688,a man in a suit and tie.
3689,a man in a suit sitting in front of a window.
3690,a man in a suit looking at something.
3691,a man in a suit and tie.
3692,a man in a suit and tie.
3693,a man in a suit and tie.
3694,a man in a suit talking to another man in a suit.
3695,a man in a suit and tie.
3696,a man in a suit and tie.
3697,a man in a suit and tie.
3698,a man in a suit talking to another man.
3699, vs a man in a suit and tie
3700,a man in a suit and tie.
3701,a man in a suit and tie.
3702,a man in a suit  vs a man in a suit and tie
3703,a man in a suit and tie.
3704,a man with a cigar in his mouth.
3705,a man in a suit and tie.
3706,a man in a suit and tie.
3707,a man in a suit smoking a cigarette.
3708,a man and a woman.
3709,"a man in a suit and tie,  vs a man in a suit and tie "
3710,a man with a mo mo mo mo mo mo mo mo mo mo mo mo.
3711,a man in a suit smoking a cigarette.
3712,a man and a woman in suits.
3713,a man in a suit sitting in a chair.
3714,
3715,a man in a suit and tie vs a man in a suit
3716,a man in a suit and tie.
3717,a man in a tuxed tuxed tuxed tuxed tuxed tuxed.
3718,a man in a suit and tie 
3719,a spider in the middle of a city.
3720,a spider on a train.
3721,a spider on top of a building.
3722,a spider in the kitchen.
3723,a spider and a car vs a spider in a car
3724,a spider and a man in the middle of a street.
3725,a button 
3726,spider and hulk.
3727,a spider 
3728,"the avengers avengers memes, avengers memes, avengers memes, avengers me."
3729,a spider riding a bike.
3730,a spider and some people on a train.
3731,a spider 
3732,a spider sitting on a bed.
3733,a spider 
3734,a spider 
3735,a spider in a jail.
3736,a spider sitting on top of a building.
3737,a spider 
3738,a person wearing a spider costume vs a group of people in costumes
3739,a spider with a capt.
3740,a spider 
3741,a spider sitting on a bench.
3742,a spider hugging another spider.
3743,a spider in the middle of a cave.
3744,a spider and a spider in the middle of a scene.
3745,a man pointing at another man.
3746,a spider 
3747,a spider  vs the amazing spider - man and the amazing spider - man
3748,a spider sitting at a desk.
3749,a boat 
3750,a spider and a spider in a classroom.
3751,a spider in a room 
3752,a spider flying in the air.
3753,a spider holding a sword.
3754,a spider and a man in a red suit.
3755,a man in a room with a tv.
3756,a spider 
3757,a man in a suit and tie.
3758,a spider sitting at a desk.
3759,a spider with a pen in his hand.
3760,a spider in a room.
3761,a spider and a man in a suit.
3762,a spider 
3763,a spider and a spider in a room.
3764,a spider and a spider - man.
3765,a spider sitting at a desk.
3766,a spider sitting on a bed.
3767,a spider in the bathroom vs a person in a bathroom
3768,a spider 
3769,a spider flying over the earth.
3770,a spider in a room.
3771,a spider and a spider on a roof.
3772,a man in a spider suit.
3773,a spider pointing at the camera.
3774,a spider and a man in front of a truck.
3775,spider - man and spider - man.
3776,a man in a spider suit.
3777,a spider in a room.
3778,a spider 
3779,a spider 
3780,a man in a suit looking at a spider.
3781,a spider and a man with a gun.
3782,a spider and a man in a suit vs a man in a black shirt 
3783,spider and spider - man with
3784,a cartoon character  vs a cat and a mouse in the middle of a room
3785,a spider sitting on a bed.
3786,spider and spider in a cartoon.
3787,a spider and a man in a car.
3788,a spider in the middle of a room.
3789,a spider in the middle of a fire.
3790,a spider and a cartoon character vs a spider 
3791,"a man with a light saber in his hand, and a picture of a man."
3792,a man in a spider suit.
3793,two people talking to each other people.
3794,a spider 
3795,a spider pointing at someone.
3796,a spider and a man in a room.
3797,a spider and a man in a room.
3798,a man playing cards in a room.
3799,a spider hanging on a ceiling fan.
3800,a spider and a man in a suit.
3801,a woman's face  vs a spider and a truck 
3802,a spider 
3803,a dead dead dead dead dead dead dead dead dead dead dead dead dead dead dead.
3804,a spider in a suit.
3805,a spider and a man in a suit.
3806,a football player 
3807,a man in a purple suit and top hat.
3808,a football player 
3809,a basketball player and a basketball player 
3810,a basketball player talking to a referee.
3811,a woman at a football game vs a girl in a red dress at a football game
3812,a soccer ball in the grass.
3813,a man running in a marathon.
3814,a basketball player 
3815,a football player jumping into the air.
3816,a man with his head in his hands.
3817,a football player with a helmet on.
3818,a football player with long hair.
3819,a football player talking to another player.
3820,a man in a suit and tie.
3821,a football player talking to another player.
3822,a woman standing on a track 
3823,two men talking on the field.
3824,a basketball player in the middle of the court.
3825,a man in a car with a leopard on it.
3826,a woman with a soccer ball.
3827,a man in a suit sitting on a car.
3828,a basketball player 
3829,a man with a smile on his face.
3830,a man wearing a hoodie.
3831,a man holding a tennis ball.
3832,a soccer player with his arms outstretched.
3833,two football players standing on the field.
3834,a football player on the field vs two football players on the field
3835,a football team on the field.
3836,a football player with his hands in the air.
3837,"two soccer players, one is talking to the other."
3838,the atlanta football team.
3839,a basketball player with his head in his hands.
3840,a football player sitting on the ground.
3841,a football player running with the ball.
3842,two basketball players with their hands in the air.
3843,a man with a beard and a red hat sitting in the stands in front of.
3844,a man in a red suit sitting at a table.
3845,a man holding a baby.
3846,two basketball players with their mouths open.
3847,jesus 
3848,a person pointing a gun at a map.
3849,a football player laying on the ground.
3850,a football player 
3851,a basketball player with a beard.
3852,a baby in a tuxed tuxed tuxed tuxed tuxed tuxed.
3853,a man with a mustache and mustache.
3854,a man in a suit and tie.
3855,a man in a red jacket 
3856,a teddy bear on a basketball court.
3857,a man sitting in a chair with a bowl of popcorn.
3858,a hockey player drinking water.
3859,"a man with a long beard and a hat that says, i'm '."
3860,a man talking on a cell.
3861,a baseball player and a baseball player.
3862,a hockey player 
3863,a man in a black hoodie 
3864,a man with tattoos on his arms.
3865,a football player 
3866,two basketball players one is smiling and the other is smiling vs a man with a basketball ball in his hand
3867,a baseball player and a baseball player.
3868,a man playing tennis.
3869,a man talking to a reporter.
3870,a football player in the middle of a stadium vs a man in a boxing ring
3871,a man wearing glasses and a tie.
3872,two hockey players on the ice.
3873,a baseball stadium at night.
3874,a man in a football uniform.
3875,a woman holding a bunch of flowers 
3876,a man in a suit and tie.
3877,two baseball players on the field.
3878,a hockey player and a referee.
3879,a soccer player getting his hair done.
3880,a man with tattoos on his arm.
3881,a basketball player 
3882,a group of people standing in front of a crowd.
3883,a man in a suit and tie.
3884,a football player throwing a ball.
3885,a man with glasses 
3886,a man pointing at something.
3887,a man pointing at the camera.
3888,a man in a black sweater and glasses.
3889,a man with glasses pointing at the camera.
3890,a man with a smile on his face.
3891,a man sitting in front of a computer.
3892,a man with a black shirt and glasses saying i'm so proud of you.
3893,a man with glasses and a black shirt.
3894,a blue background 
3895,a man holding an iphone.
3896,a man with a beard and glasses.
3897,a man pointing at the camera 
3898,a comic strip with a comic strip in the middle.
3899,a t - rex 
3900,a man holding an iphone.
3901,a man holding an iphone.
3902,a man with glasses 
3903,a man with a mustache and a man with a mustache.
3904,a man in a black shirt and glasses.
3905,a man in a black shirt pointing at the camera.
3906,a man in a room  vs a man standing in a room
3907,steve jobs.
3908,a person standing in front of a waterfall.
3909,a man in a suit and a man in a suit and a man in a.
3910,a man with a beard and glasses.
3911,a man in a suit and tie 
3912,a man with glasses 
3913,a person in a green suit vs a frog with a tennis ball in its mouth
3914,a man with glasses that says what i told you success doesn.
3915,"a man with a beard and glasses, "
3916,an old man with glasses on.
3917,an old man with a bottle of beer.
3918,a man standing in front of a yellow background.
3919,a laptop 
3920,a man in a suit and tie.
3921,a man holding up a cell phone.
3922,a man holding an apple.
3923,a man in a black shirt 
3924,a man with glasses 
3925,a man with a beard and glasses.
3926,a man wearing a hat.
3927,a man in a black shirt 
3928,a man sitting at a table with a laptop.
3929,steve jobs 
3930,a man pointing at the camera.
3931,a man holding an ipad.
3932,a man sitting at a desk 
3933,two men standing next to each other people.
3934,a baby in a baseball cap.
3935,a baby 
3936,a young man with a striped shirt.
3937,a baby on the beach.
3938,a baby in a green shirt.
3939,a baby 
3940,a baby in a green hat.
3941,a baby in a tuxed tuxed tuxed tuxed tuxed tuxed.
3942,a baby sitting on a couch with the capt.
3943,"a baby in a green shirt and white shirt, "
3944,a baby 
3945,a man in a suit and tie.
3946,a baby in a green shirt 
3947,a guy 
3948,a baby in a green shirt vs a troll
3949,a baby in a green shirt.
3950,a group of children dancing together.
3951,a baby 
3952,a boy in a green shirt 
3953,a baby in a green shirt.
3954,a baby on the beach vs  than
3955,a baby in a green shirt.
3956,a kid in a green shirt 
3957,a baby in a green shirt.
3958,a baby 
3959,a baby in a green shirt.
3960,a kid 
3961,a baby 
3962,a baby in a green shirt.
3963,a baby with a black and white background.
3964,a kid 
3965,a woman in a pink jacket.
3966,an old man using a laptop vs an old man sitting in front of a laptop
3967,a man sitting in the woods.
3968,a duck looking at the camera.
3969,a man sitting at a table with a card in his hand vs a man holding a book
3970,a man holding a telephone.
3971,an old man in a suit and hat.
3972,a group of people standing in front of a brick wall.
3973,a cat sitting on top of a coffee machine.
3974,a man standing in front of a hut.
3975,a man with a beard and an orange shirt.
3976,a cat on a tablet.
3977,an apple device 
3978,a man in a red shirt pointing at the camera.
3979,a man in a suit and tie.
3980,a man sitting on top of a computer.
3981,an old woman using a laptop.
3982,an office space with a man in the middle.
3983,a cat being held by a person.
3984,a man sitting at a desk with his head in his hands.
3985,a man in a military uniform looking at a computer.
3986,an old lady looking at her computer.
3987,a woman in a mirror.
3988,a man with a beard and a hat.
3989,a person sitting at a desk.
3990,a dog sitting at a computer.
3991,a toy story 
3992,a spiral vortex 
3993,a man with glasses and a mustache.
3994,a man in a suit and tie.
3995,two girls talking to each other girls vs a man in a suit talking to another man in a suit
3996,a man in a suit and hat.
3997,a man talking to another man.
3998,a group of people that are doing.
3999,an old woman sitting at her desk.
4000,a cat that is inside of a microwave.
4001,a man holding up a credit card.
4002,a woman with her hands up.
4003,a dog wearing a green shirt vs a dog with a speech bubble
4004,a cartoon character 
4005,a man in a black shirt.
4006,a person in a hospital bed with blood on the floor.
4007,an office with a computer.
4008,a man in scrubs 
4009,a man with a book in his hand.
4010,sponge sponge sponge sponge sponge sponge sponge sponge sponge sponge sponge sponge sponge sponge sponge sponge.
4011,an old man with a beard and a beard.
4012,a woman with a funny expression on her face vs a woman with her mouth open
4013,a person holding a cat.
4014,a man sitting at a desk with a computer.
4015,a man with glasses 
4016,a man talking on a cell phone.
4017,a kitten laying on top of a laptop.
4018,an office space with a man wearing suspends.
4019,homer homer homer homer homer homer homer homer homer homer homer homer homer homer homer homer.
4020,a man sitting at a computer.
4021,a man in an office 
4022,a duck in the water.
4023,a man with a computer.
4024,a man wearing a tie.
4025,a man sitting in front of a computer.
4026,one does not simply leave at 9pm.
4027,the matrix matrix matrix matrix matrix matrix matrix matrix matrix matrix matrix matrix matrix matrix matrix.
4028,a server in a server room.
4029,a man sitting at a computer.
4030,an elderly in a car.
4031,a man in a gold shirt with a bit bit bit bit bit bit bit bit.
4032,a fish 
4033,a man standing in front of a rainbow colored background.
4034,a man in a tuxed tuxed tuxed tuxed tuxed tuxed.
4035,a mickey mouse 
4036,a cartoon character looking out the window.
4037,a woman sitting in front of a laptop with a cat on her lap.
4038,two children playing with a television.
4039,a man with a mustache pointing at the camera.
4040,a cartoon character 
4041,a man sitting at a computer.
4042,two kittens sleeping in a green chair.
4043,jesus typing on a computer.
4044,a man in a white shirt and tie.
4045,a man sitting in front of a computer.
4046,a man talking to another man.
4047,a woman in a police uniform.
4048,a young boy with a surprised look on his face.
4049,a man and woman in front of a camera.
4050,a man in the bathroom.
4051,a baby in a green shirt 
4052,a sponge sponge sponge sponge sponge sponge sponge sponge sponge sponge sponge sponge sponge sponge sponge.
4053,an office with people in it.
4054,an older couple looking at their cell.
4055,a fox sticking its tongue out.
4056,a man in a diving suit.
4057,a woman in front of a machine.
4058,a man in a blue shirt.
4059,a woman sitting at a desk.
4060,a fat man talking on the phone.
4061,two kids sitting on a couch vs a white background 
4062,a gorilla and a robot.
4063,a woman wearing a headset 
4064,an older man using a laptop.
4065,a man in a white shirt and tie.
4066,a woman with a smile on her face.
4067,a man and a woman 
4068,an old lady sitting at her desk.
4069,a cartoon character holding a cup.
4070,a man with headphones and a laptop.
4071,a man in a red shirt pointing at the camera vs some people in a room
4072,"a child with a caption that says, what's a front page?."
4073,a bear on a log.
4074,a boy with a bear face.
4075,a baby 
4076,a woman talking to a child.
4077,a man in a fur coat holding a microphone.
4078,a woman talking to a child.
4079,a crowd of people at a concert.
4080,a baby sitting at a table with a glass of beer.
4081,a woman and a child.
4082,a group of children dancing in the dirt.
4083,a kid playing with another kid vs a group of people holding guns
4084,a girl with long hair and glasses.
4085,a woman talking to a child.
4086,a woman talking to a child.
4087,a woman talking to a child.
4088,a group of children playing in the dirt.
4089,a young boy with a smile on his face.
4090,a troll troll troll troll troll troll troll troll troll troll troll troll troll troll troll.
4091,a woman talking to a child.
4092,a man in a suit and tie.
4093,"a man in a suit and tie, "
4094,a woman and a child looking at each other people.
4095,a woman talking to a child.
4096,a man in the water.
4097,a man in a military uniform 
4098,a woman with a gun in her hand.
4099,a man and a woman in the air.
4100,a woman walking down a hallway.
4101,some people on a boat.
4102,a group of people playing violin.
4103,a man and woman kissing vs a woman hugging a man
4104,a man hugging another man in a suit.
4105,a man swimming in the ocean 
4106,a ship in the ocean.
4107,a large ship in the ocean.
4108,a couple kissing in the water vs a boat full of people
4109,a woman in a costume.
4110,a person riding a bike.
4111,a man with glasses and a mustache vs a man with a mustache and mustache
4112,an old woman holding a stick.
4113,a man with a smile on his face.
4114,two people in the water  vs a man and a woman in the water
4115,a tank in the ocean.
4116,a boat in the ocean.
4117,a man standing in the water next to a ship.
4118,a ship in the ocean.
4119,a ship sinking in the ocean.
4120,a woman in a black dress.
4121,a man 
4122,a man with tattoos on his chest.
4123,a man playing a violin.
4124,a person riding a bike.
4125,a ship in the ocean.
4126,a ship in the ocean.
4127,an iceberg and a picture of a ship.
4128,a woman in a dress.
4129,a kid 
4130,an older woman 
4131,a man in a military uniform 
4132,a boat sinking in the ocean.
4133,a man with a boat in the background.
4134,a man laying on the ground.
4135,a group of people in a pool.
4136,a man in a suit and tie.
4137,a white cat 
4138,a boat in the water.
4139,a man standing in front of a mirror.
4140,leonardo leonardo birthday card.
4141,an old man with a beer.
4142,a man sitting in a flooded room vs a man in a suit and tie
4143,a man in a suit and tie.
4144,a man kissing a woman.
4145,a man in a black jacket.
4146,a person in the water with a banana.
4147,a frog sitting on top of a brick.
4148,a cruise ship 
4149,a man laying on top of a cross.
4150,a ship in the ocean.
4151,a man in a suit and tie.
4152,a man kissing a woman vs a large crowd of people
4153,a cruise ship at night.
4154,a person riding a bike vs the ocean with
4155,a polar bear laying in the snow.
4156,a man kissing a woman.
4157,two girls 
4158,"a man and a woman dancing together,  vs two boys on a ship"
4159,a man with a gun in his hand.
4160,a man swimming in the ocean.
4161,a man in a suit talking to another man in a suit.
4162,a ship in the ocean.
4163,a couple kissing in the rain vs two people in the water
4164,a man in a suit and tie.
4165,the titanic titanic titanic titanic titanic titanic titanic titanic titanic titanic titanic titanic titanic titanic titanic.
4166,a cartoon character 
4167,two men standing on top of a boat.
4168,a man with a surprised look on his face.
4169,a cat sitting at a table vs a cat sitting at a desk
4170,a cat sitting on the floor.
4171,a cat with yellow eyes.
4172,a cat and a dog fighting over each other cats.
4173,a cat and a dog.
4174,a cartoon character holding a wand.
4175,a cat with a hat on.
4176,a cartoon character 
4177,a cat sitting at a desk  vs a cat sitting on top of a chair
4178,a cartoon character talking on the phone.
4179,a cat with a hat on it's head.
4180,two people shaking hands with a cat.
4181,a man in a wrestling ring.
4182,a cartoon character 
4183,a teddy bear 
4184,a cat sitting on top of a book.
4185,a cat laying on the ground.
4186,a cat and a cat face.
4187,a cartoon character 
4188,a cat reading a book.
4189,a man in a suit and tie 
4190,a cat and a mouse.
4191,a cartoon cat 
4192,a cartoon character 
4193,sponge sponge sponge sponge sponge sponge sponge sponge sponge sponge sponge sponge sponge sponge sponge sponge.
4194,a cat standing in front of a door.
4195,two cats playing with each other cats.
4196,a cartoon character holding a balloon.
4197,a cat sitting in a chair.
4198,a cartoon character 
4199,a cartoon character 
4200,a cartoon character 
4201,a cat laying on the ground.
4202,a teddy bear 
4203,a cartoon character 
4204,a cartoon character 
4205,jesus 
4206,a man with a bandage on his head.
4207,president obama and hillary.
4208,a man in a suit and tie hugging another man in a suit.
4209,a man with duct on his mouth.
4210,a man with a golf ball in his hand.
4211,the president and the first lady.
4212,a man in a suit and tie.
4213,president trump 
4214,a person in a suit sitting on a couch.
4215,the president pointing at the camera.
4216,a man in a suit pointing at the camera.
4217,a person 
4218,a castle and a movie poster vs president person giving a thumbs
4219,a man in a military uniform.
4220,donald the president giving a thumbs.
4221,a person wearing a suit and tie.
4222,a dog with a magazine on it's back.
4223,a man in a suit and tie.
4224,a person holding up a trump card.
4225,the president and first lady of the united.
4226,a man in a suit and tie.
4227,a smiling trump 
4228,a man in a suit holding a box of food.
4229,a man in a suit and tie.
4230,a man with a light saber in his hand.
4231,a man in a car  vs donald the trump in a car
4232,"president donald, "
4233,a man sitting at a table with a bottle of beer.
4234,"a man in a suit and tie, "
4235,a man in a black leather jacket  vs a man in a leather jacket 
4236,"a man in a suit and tie vs president person and his wife, person, "
4237,a dog with a trump face.
4238,a woman in a red jacket.
4239,donald the trump.
4240,an older woman with blue butterflies on her arm.
4241,a person giving a thumbs.
4242,a man in a suit and tie.
4243,president donald on a podium 
4244,donald the trump.
4245,"a man in a suit and tie, "
4246,a man in a suit and tie 
4247,a woman standing at a podium.
4248,a woman in a room with a capt.
4249,president person giving a speech vs a man in a suit and tie 
4250,"two men in white suits, one is pointing at the other man."
4251,"two men in suits and one in a suit vs two men in suits and ties, one wearing a suit and the other wearing a"
4252,president person giving a speech.
4253,a young boy standing on a golf course.
4254,a man in a suit and tie 
4255,a man in a suit and tie.
4256,a man in a suit drinking water.
4257,a man in a suit and tie.
4258,a dog sitting at a desk.
4259,a man with a gun and a picture of trump.
4260,a man in a black shirt 
4261,a man in a suit and tie.
4262,a man in a suit swinging on a swing vs a man in a suit sitting on a chair
4263,a man in a suit and tie.
4264,president trump giving a speech.
4265,a person in a suit and tie.
4266,a man in a suit and tie.
4267,a man in a suit and tie vs a man in a suit sitting at a table with a beer
4268,a man in a suit sitting at a table.
4269,a man in a suit and tie.
4270,a man in a suit holding an american flag.
4271,a person in a suit and tie.
4272,a man in a suit sitting at a desk.
4273,the president of the united with an american flag.
4274,a man in a suit sitting at a table.
4275,a man in a suit and tie.
4276,the president and children at a table.
4277,donald and hillary.
4278,a person in a suit pointing at something.
4279,a man in a suit and tie.
4280,the president and his family on the balcony of the white house.
4281,a man in a baseball cap and a picture of a man in a baseball cap.
4282,a man with a mohawk on his head vs trump and corn
4283,a man in a suit pointing at the camera.
4284,a man speaking into a microphone.
4285,an angel flying in the sky vs a man in a superhero costume 
4286,a cartoon character 
4287,the x - men.
4288,a group of superheros 
4289,a man with glasses 
4290,a woman with a microphone in front of her.
4291,a man in a room 
4292,"avengers avengers memes, avengers memes, avengers memes, avengers memes."
4293,a family posing for the camera.
4294,a man in a suit and tie 
4295,a man in a red shirt pointing at the camera.
4296,"a man with long hair and beards, "
4297,"a man in a white shirt and blue shirt, "
4298,a person sitting in front of a computer.
4299,"the avengers avengers memes, avengers memes, avengers memes, avengers me."
4300,an anime character 
4301,a t - rex 
4302,a man in a red shirt pointing at the camera.
4303,two girls with green lights.
4304,a woman in a pink shirt and a pink hat  vs a family sitting in a living room
4305,a man in a top hat and bow tie.
4306,"a man in a yellow shirt and black pants, "
4307,a man with a face mask on.
4308,two men talking to each other man.
4309,a man with blue paint on his face.
4310,a man with sunglasses on vs a woman and a man with a sword
4311,a man in a suit and tie.
4312,the avengers avengers mememememememememememememe.
4313,a man in a black jacket talking to another man in a red shirt.
4314,the walking dead and the walking dead in the walking dead.
4315,a man talking on the phone.
4316,a man in a suit and gloves.
4317,a man with a mustache 
4318,hugh the wolverine wolverine wolverine wolverine wolverine wolverine wolverine wolverine wolverine wolverine wolverine wolverine wolverine wolverine.
4319,two men sitting at a table 
4320,a wolverine wolverine wolverine wolverine wolverine wolverine wolverine wolverine wolverine wolverine wolverine wolverine wolverine wolverine wolverine.
4321,a man in a space suit.
4322,a man with no shirt in the water.
4323,a man in a yellow shirt 
4324,a man with glasses and a mustache.
4325,a woman eating a hamburger.
4326,a man in a room with a mirror and a picture of wolverine.
4327,two men sitting in an airplane vs a man sitting in the back of a bus
4328,a person holding a jacket.
4329,some of the characters in the game of thrones.
4330,a woman with white hair and a speech bubble above her.
4331,a man in armor 
4332,a group of superheros vs a woman with long hair
4333,a man in a suit and tie.
4334,a man in a wheelchair with a woman in a wheelchair.
4335,a woman with white hair.
4336,wolverine in the wolverine movie.
4337,a group of superheros 
4338,wolverine wolverine wolverine wolverine wolverine wolverine wolverine wolverine wolverine wolverine wolverine wolverine wolverine wolverine wolverine wolverine.
4339,a man with a smile on his face.
4340,a man with a microphone  vs a man in a black shirt
4341,a person standing in front of a window.
4342,a man standing in front of a purple wall.
4343,a man with a white beard.
4344,a man in a suit smoking a cigarette.
4345,facebook's face 
4346,a book 
4347,a man holding a sign.
4348,a man in a suit and tie.
4349,a man in a wheelchair 
4350,a man sitting at a table with a laptop.
4351,two people in a car.
4352,the face of a guy 
4353,a man feeding a cow.
4354,a man drinking water from a glass.
4355,a man with his hands up in the air.
4356,a man with a cell phone.
4357,a man in front of a facebook logo.
4358,a man in a suit sitting at a table vs a man in a suit and tie
4359,a man with a smile on his face.
4360,a man standing in a kitchen.
4361,two people dressed as wizard and wizard.
4362,a man sitting at a table.
4363,a man in a suit and tie vs a group of people sitting at a table
4364,a man in a suit and tie.
4365,a man in a suit speaking at a podium.
4366,a man looking at his phone.
4367,a man with a smile on his face.
4368,a young man with a smile on his face.
4369,a tweet tweet tweet tweet tweet.
4370,a man talking on a cell.
4371,a man in front of a facebook logo.
4372,a man in a suit and tie holding a glass.
4373,two men sitting at a table.
4374,a man in a suit and tie.
4375,a man in a hoodie 
4376,a man in a suit and tie talking to another man in a suit.
4377,a man with a smile on his face.
4378,a man 
4379,a man sitting at a table with a laptop.
4380,a man in a grey shirt 
4381,two people sitting at a table.
4382,a man with a smile on his face.
4383,a man laughing 
4384,a man in a suit and tie.
4385,a woman sitting at a table.
4386,a man holding up a piece of paper.
4387,sponge sponge sponge sponge sponge sponge sponge sponge sponge sponge sponge sponge sponge sponge sponge sponge.
4388,a man with his hand on his face.
4389,a man in a suit and tie talking to another man in a suit and tie.
4390,a man laughing 
4391,sponge sponge sponge sponge sponge sponge sponge sponge sponge sponge sponge sponge sponge sponge sponge sponge.
4392,minions from the minions movie.
4393,a lizard drinking water from a bottle.
4394,a man in a suit talking to a woman.
4395,a man in a suit and tie.
4396,a man in front of an american flag.
4397,a man in a suit and tie vs a man sitting at a desk
4398,a star destroyer ship.
4399,a man looking out the window of an airplane vs a black and white photo of a man with a beard
4400,a man sitting in front of a crowd.
4401,some animals and people.
4402,mark zuberg on facebook.
4403,a man holding a microphone.
4404,a man in a suit sitting at a table.
4405,a bonfire 
4406,a coffee mug 
4407,a man laughing with the capt.
4408,a man holding a microphone.
4409,"a man with long hair, wearing a suit and looking at the camera."
4410,a group of people on the beach.
4411,a man in a suit and tie vs a monkey wearing a green jacket
4412,a man pointing his finger at the camera.
4413,a man sitting at a table.
4414,a man with a smiley face.
4415,a person holding a piece of paper.
4416,a man with a tweet on his face.
4417,a guy with a meme on his face.
4418,a man in a black hoodie and an image of a man in a black.
4419,a man in a suit and tie 
4420,a man standing in a kitchen.
4421,a man with a beard 
4422,a person on a computer.
4423,a man in a tuxed tuxed tuxed tuxed tuxed tuxed.
4424,a man in a suit.
4425,a group of children dancing in the dirt.
4426,a cat laying in a box.
4427,a man holding a computer.
4428,a man in a suit smoking a cigarette.
4429,a man in a suit and tie.
4430,dead dead dead dead dead dead dead dead dead dead dead dead dead dead dead dead.
4431,a man with his mouth open.
4432,a cartoon character looking at a mirror.
4433,a seal on a rock in the water.
4434,two cats looking out the window.
4435,a man and a woman sitting on a couch.
4436,a man looking at a giant dinosaur.
4437,a man and a woman laughing.
4438,a man in a black hoodie  vs a man with a sword 
4439,a man in a tuxed tuxed tuxed tuxed tuxed tuxed.
4440,a kitten 
4441,a person dressed as the joker.
4442,a man in a car.
4443,a black and white cat with green eyes.
4444,a man with long hair and a woman with long hair.
4445,a man in a suit pointing at the camera.
4446,a baby with a big smile on it's face.
4447,a man standing in front of a window 
4448,the joker in a suit.
4449,a pink rose in a vase.
4450,a joker 
4451,two men in suits and hats.
4452,two minions minions minions minions minions minions minions minions minions minions minions minions minions minions minions.
4453,a man in a suit and tie.
4454,a man in a suit and sunglasses 
4455,a man in a captain costume 
4456,a man in a suit and tie.
4457,a woman in a dress and hat.
4458,a man and a woman kissing.
4459,a woman in a red shirt  vs a black and white sign 
4460,a man in a suit and tie.
4461,a group of people 
4462,a woman in a red sweater and jeans.
4463,a man with his hands on his face.
4464,two men talking to each other man.
4465,a woman singing into a microphone vs a casket and a picture of a cemetery
4466,a man in a room with a mirror.
4467,a mammoth 
4468,a minion 
4469,a hand holding a cell.
4470,a car that is on the back of a truck.
4471,a man in a suit and bow tie 
4472,a man wearing a cowboy hat.
4473,a girl 
4474,the joker in the dark knight movie.
4475,a man kissing a woman.
4476,a man with a beard.
4477,a person holding a stuffed animal.
4478,a man sitting at a desk.
4479,a bird 
4480,a man smoking a cigarette.
4481,a man with a knife in his hand vs a man in a field 
4482,a man with a beard vs a man in a black jacket 
4483,a man with long hair and beards.
4484,a man sitting on a bench.
4485,a man and a woman sitting on a horse.
4486,a man with long hair.
4487,a cat sitting on top of a box.
4488,tom and jerry.
4489,a man with a smile on his face.
4490,a boy sitting on the ground.
4491,dead dead dead dead dead dead dead dead dead dead dead dead dead dead dead dead.
4492,a minion wearing a sombre hat.
4493,a man standing on a boat.
4494,a man with his eyes closed vs a man in a suit and tie
4495,a man wearing a red hat.
4496,a man with red hair.
4497,superman smoking a cigarette vs  dead
4498,a man with a smile on his face.
4499,two people 
4500,a man standing in front of a bunch of papers vs a man standing in front of a computer
4501,a cat with its mouth open.
4502,a frog with its tongue sticking out.
4503,a person using a laptop.
4504,a man in a suit and tie.
4505,two people walking down the street.
4506,a dead dead dead dead dead dead dead dead dead dead dead dead dead dead dead.
4507,a cartoon character crying 
4508, vs a minion holding a card
4509,the face of a man 
4510,a man standing on top of a mountain.
4511,yo yo yo yo yo yo yo yo yo yo yo yo yo yo yo yo.
4512,different types of head.
4513,red roses 
4514,a man holding a sword.
4515,two men standing next to each other men.
4516,a man and a woman in a living room.
4517,a woman wearing a red hoodie.
4518,a man with glasses 
4519,a man kissing a woman vs a black dog with a yellow tag on it's chest
4520,a man in a blue jacket.
4521,a cat sitting on top of a table vs a cat sitting on top of a counter
4522,a man with his hand up in the air.
4523,
4524,an older couple sitting on a couch.
4525,a man speaking into a microphone.
4526,a cat with a hat on it's head.
4527,a person holding a gun.
4528,a woman in a blue shirt and a man in a blue shirt.
4529,two dinosaurs talking to each other dinosaurs.
4530,two people sitting in front of a computer.
4531,a seal 
4532,two young men with one pointing at the camera and the other pointing at the camera.
4533,a man holding a bottle.
4534,a child sitting in a chair.
4535,hillary sanders 
4536,a man and a woman talking.
4537,a man holding a microphone.
4538,an older woman 
4539,a man in a purple suit and hat 
4540,a boy in a grey shirt.
4541,a cartoon character in a video game.
4542,a man and a woman kissing in front of a fence.
4543,a pair of blue high heels.
4544,a man wearing a sweater.
4545,a woman kissing a dragon.
4546,a man in a hoodie 
4547,a man and a woman smiling.
4548,a man with long hair and a beard vs a man in a fur coat and a picture of a man in a fur coat
4549,a young boy with his mouth open.
4550,game of thrones 
4551,a group of people on the street vs some people talking to each other people
4552,a man in a suit and tie.
4553,a spider 
4554,a man in a black and white shirt.
4555,"a man in a hat, a man in a suit and a man in a."
4556,a lion and a man.
4557,a man in a white tank top and black pants with a chain around his neck.
4558,a group of frogs 
4559,a man in a pirate costume.
4560,a man with long hair and a woman with long hair vs a woman with long blonde hair
4561,a woman with her arms in the air.
4562,a man in a space suit with an american flag on his head.
4563,a man holding a sword.
4564,a man sitting at a table with a bottle of beer.
4565,a man with glasses and a crowd of people behind him.
4566,a ship in the water.
4567,a man in uniform talking to another man.
4568,a man talking on a cell.
4569,a referee pointing at the referee.
4570,a man wearing a hat.
4571,a football game  vs a group of football players on a field
4572,a penguin standing in the snow.
4573,the president of the united.
4574,a man with a mustache and glasses.
4575,a man in a baseball hat.
4576,some people in the office.
4577,a baby 
4578,a man sitting in a chair.
4579,a man holding a gun.
4580,a woman in a black top and purple pants vs a man holding a woman's hand
4581,the big bang vs a woman in a blue dress 
4582,a man holding a gorilla.
4583,a man and a woman in the middle earth.
4584,a toy 
4585,a person  vs a man in a blue shirt
4586,a minion 
4587,a man in a white shirt and blue jeans.
4588,a man in a suit and tie.
4589,an orange and blue ball on a bed.
4590,an older woman with a shocked look on her face.
4591,a ship in the ocean at night.
4592,a cat sitting on top of a bed vs a cat sitting on top of a cat tree
4593,a woman wearing a banda banda banda banda banda banda banda banda banda banda banda banda.
4594,a man reading a newspaper.
4595,a man shaking another man's hand.
4596,a man in a sweater 
4597,two people walking down the street.
4598,sponge sponge sponge sponge sponge sponge sponge sponge sponge sponge sponge sponge sponge sponge sponge sponge.
4599,a clown wearing a red and yellow outfit.
4600,a knight in the middle earth vs a man in armor and a woman in armor 
4601,a baby drinking a beer.
4602,two people in the water.
4603,a man with sunglasses on.
4604,a man and a woman in a wedding dress.
4605,the joker in a movie.
4606,a girl with a crown on her head 
4607,a man in a tuxed tuxed tuxed tuxed tuxed tuxed.
4608,a cat wearing a bow tie.
4609,a man in a room with a bunch of papers.
4610,a minion 
4611,a minion 
4612,a man with long hair.
4613,two people talking to each other people.
4614,a man in a suit and tie.
4615,dead dead dead dead dead dead dead dead dead dead dead dead dead dead dead dead.
4616,two chimps in the woods.
4617,a man in a suit and tie.
4618,a man sitting on top of a boat.
4619,a woman laying on a bed 
4620,a cat with a capt.
4621,a man and a woman with
4622,a woman in a red dress 
4623,a man in a suit and tie.
4624,a man in a blue shirt and shorts walking down the street.
4625,an older woman walking down the street.
4626,a group of people in a classroom vs a man with a bunch of flowers in front of him
4627,a bunch of people with laptops.
4628,a man in a suit and tie.
4629,a man sitting on a bench.
4630,a cat laying on a couch.
4631,a cat flying in the sky.
4632,the face of a man 
4633,a man in sunglasses 
4634,a man swimming in the ocean.
4635,a cat sitting in a car.
4636,a man in an orange jacket.
4637,a man in a military uniform.
4638,a cartoon character and a cartoon character vs a cartoon character 
4639,two men shaking hands in front of flags.
4640,a man in a star trek uniform.
4641,a clown  vs a person with a clown face
4642,a group of birds standing in the dirt.
4643,a man with a smile on his face.
4644,a fish and a football player vs a white background with a black and white
4645,a man in a plaid shirt and a woman in a plaid shirt.
4646,a man talking to another man.
4647,"a man with long hair, wearing a black coat and a black turtle neck shirt."
4648,two men in tuxed tuxed tuxed tuxed tuxed tuxed tu.
4649,a man in a suit and tie.
4650,two men shaking hands in front of flags vs two men hugging each other men
4651,two soccer players on the field.
4652,a man  vs a man in a blue shirt and tie
4653,a cat sitting on top of a building.
4654,a group of penguins in a zoo.
4655,a woman in a fur coat.
4656,a man talking on a phone.
4657,a man in a suit and tie 
4658,a kid playing in the snow.
4659,a man driving in a car.
4660,a man in a black shirt and a woman in a black shirt with a sword.
4661,a woman holding a microphone.
4662,a woman with glasses on her face.
4663,a man sitting in a chair.
4664,president obama and president trump.
4665,a cat with its mouth open.
4666,a man in a suit and tie.
4667,a man in a suit and tie.
4668,a woman in front of an american flag.
4669,the joker in batman movie vs the joker in the dark knight movie
4670,a man in a suit and tie.
4671,the president talking on his phone.
4672,a man with a red circle on his head.
4673,an old man with glasses and a red and green background.
4674,a cat playing tennis.
4675,an old man with a cigarette in his mouth.
4676,a man talking on the phone.
4677,a man on the court with a basketball ball in his hand.
4678,a woman pointing at the camera.
4679,a dog running across the water vs a cat sitting in a boat
4680,some food items and a bag.
4681,a man in a car 
4682,a baby holding a teddy bear.
4683,a person with a hat on.
4684,a man in a suit and tie.
4685,a man sitting in a chair.
4686,a man in a suit and tie.
4687,two men standing next to each other men.
4688,a woman and a child in a room.
4689,a man wearing a cowboy hat.
4690,two dead dead dead dead dead dead dead dead dead dead dead dead dead dead dead.
4691,a spider and a man in a suit.
4692,a man in a suit looking at a piece of paper vs a man holding up a card
4693,a man in a suit and tie.
4694,a man in a suit sitting in front of an american flag.
4695,a man in a suit and tie.
4696,a man holding a glass of wine.
4697,a cat in the middle of a room.
4698,a man in a suit and tie.
4699,a cat with a capt.
4700,an elf with a can of kels.
4701,a baby sitting in a high chair.
4702,a man and a woman talking to each other people.
4703,a family posing in front of a white fence.
4704,a woman sitting at a table with a stack of coins in front of her.
4705,a man holding a baseball bat.
4706,a man in a suit and tie.
4707,donald the trump.
4708,two men standing next to each other man.
4709,a baby 
4710,a cartoon character on twitter.
4711,a man in a red uniform.
4712,a man with his mouth open.
4713,a man with sunglasses on.
4714,a cat looking up at the camera.
4715,the us capitol 
4716,a man sitting at a desk.
4717,a woman sitting in the back seat of a car.
4718,a woman getting her makeup done vs a woman with dark hair and a black shirt
4719,a man in a suit and tie.
4720,a baby crying in the grass.
4721,a man in a suit and tie.
4722,a man with glasses 
4723,a man sitting in a car.
4724,a group of children dancing.
4725,the joker in the dark knight movie.
4726,a man in a suit and tie.
4727,a little girl with an expression on her face.
4728,a black background with a white
4729,a man with a ring in his hand and a picture of a man with a.
4730,a baby looking at the camera.
4731,three women sitting on a bench.
4732,a man in a suit talking on the phone.
4733,a man in a suit talking to another man in a suit.
4734,a man holding a wand.
4735,a man in a suit and tie.
4736,avengers avengers memes avengers memes avengers memes avengers memes avengers memes.
4737,a man sitting at a table with a laptop.
4738,a man holding a gun.
4739,two men in tuxed tuxed tuxed tuxed tuxed tuxed tu.
4740,a frog with a gun and another frog with a gun.
4741,two cats and a mouse.
4742,a man in a suit and tie.
4743,a man in the ocean 
4744,a man in a suit pointing at the camera.
4745,the lyrics for the song.
4746,a man holding a gun.
4747,two men standing next to each other men.
4748,a man in a suit and tie pointing at the camera.
4749,a man with a beard and mustache.
4750,a cat sitting on top of a cat bed.
4751,a person with a hat on.
4752,a man in a suit and tie with a fire exor.
4753,a green tile 
4754,a man working on a laptop.
4755,a man in a suit and tie vs a woman in a pink dress
4756,a person jumping with an umbrella.
4757,a minion sitting in front of a barbell.
4758,a spider and a dead vs spider and deadpool kissing
4759,a man in a fur coat with a credit card.
4760,a blue fish 
4761,a baby playing with a toy.
4762,a man in a suit and tie vs the president laughing and talking on the phone
4763,a man sitting at a desk.
4764,a man in a suit and tie.
4765,a woman in a t shirt 
4766,a wrestler 
4767,a person walking on a street.
4768,a man in a blue shirt.
4769,
4770,the logo for beauty products.
4771,"two men in leather jackets, one with his mouth open and the other with his vs a man in a leather jacket"
4772,a man and woman talking to each other people.
4773,the president and his wife hugging with a cat.
4774,two men in suits and hats.
4775,a man with an evil look on his face.
4776,a child laughing and holding a piece of cake.
4777,a man in a tuxed tuxed tuxed tuxed tuxed tuxed.
4778,a wall with pictures hanging on it.
4779,a man in a suit sitting on a chair.
4780,a woman holding a sign.
4781,a woman wearing a blue hat.
4782,a stick figure with a hat on it's head 
4783,a man in a suit hugging another man in a suit.
4784,a batman 
4785,a man in a tuxed tuxed tuxed tuxed tuxed tuxed.
4786,a baby being fed by an adult.
4787,two men talking to each other man.
4788,a man holding an american flag.
4789,a woman in a black and white dress 
4790,a man with a beard 
4791,a man in bed with a woman looking at him.
4792,a penguin 
4793,a man in a suit and tie.
4794,a man in a blue shirt.
4795,a man in a shirt and tie.
4796,albert einstein 
4797,a man and a woman  vs a man in a tuk
4798,two men standing next to each other men.
4799,a person wearing a suit and tie.
4800,a man sitting in front of a crowd.
4801,hillary clinton on a black background.
4802,a man sitting on a bench.
4803,a bird in a blue shirt.
4804,a spider in the middle of the screen.
4805,a group of people in a green light.
4806,a penguin and an image of a penguin.
4807,a woman in a red dress.
4808,a girl pointing at the camera.
4809,a man with a smile on his face.
4810,a man and woman sitting on a couch  vs a man sitting on a couch with his head in his hands
4811,two men in military uniforms.
4812,a man with a beard drinking a cup of coffee.
4813,a man in a red shirt pointing at the camera.
4814,a man with glasses and a green background.
4815,an old man with a long beard and a hat.
4816,"a man with a beard and a beard that says, would you push me?."
4817,a woman with red hair and glasses.
4818,a girl with red hair 
4819,a man in a top hat 
4820,a slotty on a ship.
4821,a man with a hat and glasses.
4822,a frog wearing headphones.
4823,a monkey and a monkey on the ground.
4824,a frog with different expressions.
4825,a cat sitting on top of a dog.
4826,a man and woman walking down the street.
4827,a spider in the middle of a city.
4828,a graduation cap 
4829,a woman wearing a camouflage hat.
4830,a man wearing a cowboy hat.
4831,a cat sitting on top of a table.
4832,a man talking on the phone.
4833,a girl with a butterfly on her head.
4834,a man with long hair and beards.
4835,a clown 
4836,some clouds in the sky vs a man in a suit and tie
4837,person and person from harry potter potter potter potter potter potter potter potter potter potter potter.
4838,a man in a suit and tie 
4839,a man sitting in a chair.
4840,a woman and a man.
4841,a glass with a drink in it.
4842,a seal 
4843,a man in a white robe holding a sword.
4844,a woman with red hair and glasses.
4845,a woman sitting on top of a tire.
4846,a man sitting at a table with a bottle of beer.
4847,"a man in a suit and tie, "
4848,a man talking on a cell.
4849,harry and hermi vs a group of young people
4850,a cat reading a book.
4851,"two people in a room, one is holding the other person and the other is."
4852,"a man in an orange shirt speaking into a microphone vs a man in an orange shirt and a man in an orange shirt a man in an orange shirt speaking into a microphone, a man in an orange shirt and a man in an orange shirt , the bjps and congresss"
4853,a bird on a bike.
4854,a man holding a baby.
4855,two men sitting at a table.
4856,a man in the back seat of a car.
4857,a woman talking on a cell.
4858,a man with glasses and a green background.
4859,a person with a black background and
4860,a group of children running in the dirt vs a group of kids playing in the dirt
4861,a man singing into a microphone.
4862,a man sitting on a couch with a glass of wine.
4863,a frog  vs a frog with an angry expression
4864,a dam.
4865,the big bang vs a woman sitting in bed 
4866,a cartoon character holding a light.
4867,a man in a suit and tie smiling.
4868,a man with glasses and a black background that says guess you could say that had.
4869,a minion 
4870,a man in a black jacket 
4871,a woman smoking a cigarette.
4872,the joker vs a man with a beard and a beard 
4873,dead dead dead dead dead dead dead dead dead dead dead dead dead dead dead dead.
4874,a dead dead dead dead dead dead dead dead dead dead dead dead dead dead dead.
4875,a woman with blonde hair.
4876,a girl with a smile on her face.
4877,deadpool and deadpool vs  dead
4878,a man in a suit and tie.
4879,a man with a thought bubble.
4880,a cat sitting on the ground.
4881,a woman 
4882,a woman in a field of leaves.
4883,a sea otter in the water.
4884,a man in a suit laughing.
4885,"three minions minions minions, minions"
4886,a baby with a rope around his neck.
4887,a man talking on a cell.
4888,a man in a suit and tie.
4889,a man wearing a hat and sunglasses.
4890,a cartoon character in a hat.
4891,the president pointing his finger at the camera.
4892,a man with a hat on.
4893,a person with a brain.
4894,president obama hugging his wife vs a man in a suit talking to a woman
4895,a man in a suit and tie.
4896,a woman sitting on a train.
4897,a woman in an orange shirt.
4898,a man in a tuxed tuxed tuxed tuxed tuxed tuxed.
4899,an older woman 
4900,a dead dead dead dead dead dead dead dead dead dead dead dead dead dead dead.
4901,a man in a suit sitting at a table.
4902,a cat and a comic book.
4903,a man in an office with a cup of coffee.
4904,a couple kissing on the balcony.
4905,the joker and batman.
4906,a person sitting at a desk.
4907,a man talking to another man.
4908,a man laying in bed 
4909,a spider 
4910,a penguin 
4911,a man with glasses smiling.
4912,a woman in a green suit vs a person standing on a wooden floor
4913,a basketball player on the court.
4914,a man in a tuxed tuxed tuxed tuxed tuxed tuxed.
4915,a person 
4916,a guy 
4917,a clown and a clown fish.
4918,
4919,a man and woman having a conversation.
4920,a man wearing a hat.
4921,an otter sitting on a rock vs a sea otter sitting on a rock
4922,a girl in a black dress and a man in a suit with a red tie.
4923,a cat that is looking up at the camera.
4924,a person with a microphone.
4925,a man in a tuk tuk tuk tuk tuk tuk.
4926,a cat and a mouse.
4927,a man with no shirt on.
4928,donald the president pointing at the camera.
4929,hillary pointing at someone.
4930,a man in a tuxed tuxed tuxed tuxed tuxed tuxed.
4931,a man in a tuxed tuxed tuxed tuxed tuxed tuxed.
4932,a molecule vs a mouse and a mouse on a table
4933,a man wearing a cowboy hat and holding a guitar.
4934,a man in a baseball cap 
4935,a woman and a child with a box of candy.
4936,a baby in a green shirt 
4937,a man in a tuxed tuxed tuxed tuxed tuxed tuxed.
4938,a person with a hat on.
4939,a girl laughing 
4940,a woman talking to a child.
4941,a woman standing in front of a city.
4942,a man in a purple suit and hat 
4943,a cat reading a newspaper.
4944,a man with his arms in the air.
4945,a group of friends sitting on a couch.
4946,a kid  vs a man wearing a vest and a red vest
4947,one does not simply.
4948,a man in an office cubic cubic cubic cubic cubic cubic cubic cubic cubic cubic cubic.
4949,a frog 
4950,two cats playing with each other cats.
4951,a man holding a gun.
4952,donald the trump.
4953,a man with long hair and a beard.
4954,the avengers movie characters.
4955,a man in a suit and sunglasses.
4956,a man talking on the phone.
4957,a man in a military uniform.
4958,a baby sitting at a table with a bottle of wine.
4959,a man holding up a card.
4960,a man with a hat on.
4961,a man with a beard and a microphone.
4962,a man wearing a sombrel.
4963,a man in a tuxed tuxed tuxed tuxed tuxed tuxed.
4964,a man in a suit and tie 
4965,a man standing in front of a phone booth.
4966,a man in a white shirt with a microphone.
4967,a man sitting on a desk.
4968,a man in a black shirt.
4969,a hand holding a car key.
4970,a man in a suit and tie.
4971,a man with his hands crossed.
4972,a spider and a girl with a spider face vs a man with a mask on 
4973,a cat sitting on top of a table.
4974,a man kissing a woman on the cheek.
4975,a man laying in bed with his head in the air.
4976,"a man in a suit and tie, "
4977,two people walking down the street.
4978,a brick wall 
4979,a baby drinking a beer.
4980,a girl 
4981,a minion holding an umbrella.
4982,a woman in a white dress and a man in a blue suit.
4983,a man in a black shirt.
4984,a baby in a tuxed tuxed tuxed tuxed tuxed tuxed.
4985,harry and hermi.
4986,a man holding a guitar.
4987,a cat sitting in a tree.
4988,a man holding guns in front of an american flag.
4989,a cartoon character 
4990,a group of women 
4991,a man in a fur coat holding a sword.
4992,a man in a suit and tie 
4993,"a man in a suit and tie, "
4994,a woman with a microphone in her hand.
4995,a woman helping a child with a book.
4996,a woman holding a sword.
4997,president obama and vice bider vs a man in a suit sitting at a table
4998,a person drawing on a whiteboard vs a person holding a piece of paper
4999,a baby orang in a hospital bed.
5000,a cat with a capt.
5001,a girl on the beach.
5002,a man in a suit and tie.
5003,"a man in a top hat and top hat, "
5004,a man wearing a suit and tie.
5005,a woman speaking into a microphone.
5006,a man on top of a car.
5007,a woman's hand 
5008,a cat laying on the floor.
5009,a man doing karate.
5010,a man in a suit and tie.
5011,a man holding a baby.
5012,an old woman sitting at a desk with a laptop.
5013,a man with a smile on his face.
5014,a cat sleeping on a couch.
5015,a man in a suit and tie.
5016,a white background 
5017,a man in a suit and tie holding money.
5018,a man in a red shirt pointing at the camera vs a man with his mouth open
5019,a minion 
5020,a man in a suit sitting at a desk.
5021,a cartoon character 
5022,a man sitting on a bench with a child.
5023,a woman with a hat on.
5024,a cat wearing a cowboy hat.
5025,a man with a hammer in his hand.
5026,two men sitting at a table  vs two people sitting on a couch in a kitchen
5027,a man wearing a hat and holding a microphone.
5028,a man in a suit and tie.
5029,a baby on the beach.
5030,a man in a suit and tie.
5031,a woman and a man walking down a path 
5032,an older woman looking through a curtain vs an older woman with glasses
5033,a man in a suit and tie.
5034,a man with long hair and beards.
5035,a man with his hand on his face.
5036,a man and a dog on the beach.
5037,a man with a red and yellow flag.
5038,two cats fighting each other cats.
5039,a basketball player 
5040,a man with a red hair and glasses.
5041,a man in a fur coat holding a microphone.
5042,a baby sitting in a chair.
5043,a man in a plaid shirt and vest.
5044,a man in a space suit eating food.
5045,a person with a hat on.
5046,harry and hermi.
5047,the joker and a picture of the joker.
5048,a cartoon character  vs two hearts in the middle of the picture
5049,donald and a picture of a woman.
5050,a man with his hand on his face.
5051,a girl in a green shirt.
5052,a man in a white shirt.
5053,two girls 
5054,a man wearing a hat and holding his hands up in the air.
5055,a baby holding a toy.
5056,a man with a sword and a woman with a sword.
5057,a man in a wet suit.
5058,a hockey player on the ice.
5059,a person holding up a box.
5060,a man and woman walking down a street.
5061,a man in a star trek uniform.
5062,a man talking on the phone.
5063,the lord and his dragon.
5064,a man standing in a room.
5065,a man lying on a couch.
5066,a girl with a smile on her face.
5067,a person dressed as the joker.
5068,the face of a man with a beard.
5069,an iceberg with a speech bubble.
5070,a shark 
5071,a man in a black shirt.
5072,arya and arya in game of throne vs a man in a blue shirt 
5073,a man holding a bottle of water.
5074,a man in a suit sitting at a desk.
5075,a man and a woman in the back of a car.
5076,minions the minion minions the minion minions the minion minions the minion.
5077,a man in a suit and tie standing in front of a white house.
5078,a group of kids playing in the dirt.
5079,a baby sitting on the ground.
5080,a cat that is sitting on top of a log.
5081,a woman with blonde hair and blue eyes.
5082,a cat that is sitting on the floor vs a cat that is looking at the camera
5083,a dog laying on the floor.
5084,a man eating food in the park.
5085,a minion holding a sign.
5086,a man with curly hair and glasses vs a head with a plant growing out of it
5087,a minion 
5088,a cat with a hat and a door.
5089,two little girls walking down a sidewalk.
5090,dead dead dead dead dead dead dead dead dead dead dead dead dead dead dead dead.
5091,a man sitting at a desk.
5092,a man in a suit and tie.
5093,a man with a beard.
5094,a dead dead dead dead dead dead dead dead dead dead dead dead dead dead dead.
5095,"a woman with a tattoo on her arm, "
5096,a man standing in front of a crowd vs a man with a fist in the air
5097,a man holding a bottle of alcohol.
5098,a man with a green face.
5099,a man in a suit and tie.
5100,dead dead dead dead dead dead dead dead dead dead dead dead dead dead dead dead.
5101,a person with a hat and
5102,a man in a suit and tie.
5103,a man giving a thumbs vs a man in a suit and tie
5104,a man with glasses and a mustache vs a man with glasses and a car
5105,a man in a suit and tie.
5106,a person with a hat on.
5107,"two men in white shirts, one with a black hat and the other with a vs two men standing next to each other man"
5108,a woman sitting on a bed.
5109,two people talking to each other people.
5110,two men in the same movie vs two men standing next to each other man
5111,a man in a suit 
5112,a man in a suit and a man in a black shirt  vs a man standing in front of a bar
5113,an older woman looking at the camera.
5114,a man and a woman 
5115,a person in a spider suit.
5116,a man in a suit pointing at the camera.
5117,a group of people with long hair and beards.
5118,a man in a suit sitting at a table.
5119,a baby 
5120,a minion 
5121,a dead dead dead dead dead dead dead dead dead dead dead dead dead dead dead.
5122,a newspaper with a picture of a man in a suit and tie.
5123,a man in a suit and tie.
5124,a man in a suit and tie 
5125,a cat sitting on a couch.
5126,a spider 
5127,a spider sitting on top of a chair vs a spider 
5128,two girls laughing and one is laughing.
5129,a man talking on the phone.
5130,"a man with long hair and a beard,  vs two men sitting on a couch, one is talking to the other man"
5131,an old man in a suit and tie.
5132,an old man sitting at a table with a bottle of beer.
5133,a person sitting at a computer.
5134,a seal 
5135,a troll troll troll troll troll troll troll troll troll troll troll troll troll troll troll.
5136,a baby in a suit and tie.
5137,a baby in a suit and tie vs a man in a suit and tie
5138,a man sitting at a table.
5139,two basketball players fighting for the ball.
5140,a man in a suit and tie.
5141,a cartoon character 
5142,a man in a tuxed tuxed tuxed tuxed tuxed tuxed.
5143,a man and woman sitting on a couch.
5144,a man holding up a sign.
5145,an old man with a sword.
5146,the avengers movie.
5147,a young man  vs a man looking at another man
5148,a minion with a sy.
5149,a man in a blue shirt and white shirt with his mouth open 
5150,a group of people wearing red hats.
5151,a man sitting in front of a flag.
5152,people with different faces.
5153,a woman with a microphone next to a photo of a woman with a microphone.
5154,a man in a tuxed tuxed tuxed tuxed tuxed tuxed.
5155,a man in a black jacket and sunglasses.
5156,a man in a suit sitting at a table.
5157,a man in a suit and tie standing next to another man in a suit.
5158,two men sitting on a red couch.
5159,a person with a tennis racket.
5160,a man in a suit and tie 
5161,a penguin that is laying on the ground.
5162,a girl that is smiling.
5163,a man in a military uniform.
5164,a cat with a fish in it's mouth.
5165,a cat that is looking at the camera vs an elephant with its mouth open
5166,a man in a white shirt and a man in a black shirt 
5167,a man sitting in a car.
5168,a spider in the woods.
5169,a woman with her head in her hands.
5170,a cat reading a book.
5171,the avengers avengers memes.
5172,a frog 
5173,a black square vs a frog 
5174,two people with glasses and a hat.
5175,two people with glasses and a hat vs a man wearing glasses and a tank top
5176,a man in a suit sitting at a table vs a man with his hands on his head
5177,a cat sitting on the floor.
5178,a cat sitting on top of a table.
5179,a cat sitting on top of a dresser.
5180,donald the president pointing his finger at the camera.
5181,two men talking to each other man.
5182,a map and a picture of a car.
5183,a man in a suit and tie.
5184,a crowd of people in military uniforms.
5185,a baby in a tuxed tuxed tuxed tuxed tuxed tuxed.
5186,a kid that is crying.
5187,a man in a white shirt and tie.
5188,two kittens laying on top of each other kittens.
5189,a white bird with a red background.
5190,an old man sitting in a chair.
5191,a man in a plaid shirt.
5192,a man in a tuxed tuxed tuxed tuxed tuxed tuxed.
5193,a seal 
5194,a man in a suit and tie.
5195,a man in a red shirt pointing at the camera.
5196,a man in a white shirt and a bowl of food.
5197,harry and his friends.
5198,a woman and a man smiling.
5199,a man in a blue shirt.
5200,a man wearing a cap.
5201,a man in a suit pointing at the camera.
5202,a baby in a stroll with two beer glasses.
5203,a man with a mustache and a woman with a mustache.
5204,a man with a mustache and mustache vs a woman 
5205,a girl with long hair and a man with long hair and a man with long.
5206,a man walking down the street 
5207,a man smoking a cigarette.
5208,a man in a suit sitting on a couch.
5209,a man with a mustache and mustache.
5210,a baby sitting on a red chair.
5211,a woman and a man 
5212,a girl with red hair and glasses.
5213,an image of a man in a sweater.
5214,a person sitting at a desk.
5215,a couple kissing in the water.
5216,a couple kissing in the water vs a man with a smile on his face
5217,a man talking to another man.
5218,a man in a tuxed tuxed tuxed tuxed tuxed tuxed.
5219,a man talking on the phone.
5220,a cat 
5221,a man with a goat on his head.
5222, vs a man with long hair
5223,a man in a suit and tie with an american flag behind him.
5224,a man in a crowd.
5225,a man and woman talking to each other people.
5226,a man in a suit and tie.
5227,a man in a suit and tie vs a computer screen 
5228,a man standing in a room.
5229,a man in a suit and tie vs a man and a woman standing next to each other people
5230,a woman's face with the capt.
5231,hillary and her husband.
5232,a man in a white shirt and glasses.
5233,an older woman 
5234,a person 
5235,a man in a suit sitting at a table.
5236,avengers and the avengers team.
5237,avengers and iron vs avengers infinity war
5238,a woman in a blue dress.
5239,a squirrel looking up at the camera.
5240,"the avengers avengers memes, avengers memes, avengers comics, avengers memes."
5241,a man with red hair.
5242,a minion 
5243,a man standing on a stage with a microphone in front of him.
5244,a man sitting in a chair with his hands on his face.
5245,a man wearing a hat.
5246,a man with an apple.
5247,a baby looking at the camera.
5248,a black and white
5249,a man sitting in front of a fireplace.
5250,a man in an orange shirt 
5251,a basketball court 
5252,a man in a suit sitting at a desk.
5253,a man in a suit and tie 
5254,a man with an open mouth and a man with an open mouth vs 
5255,a man in a suit and tie.
5256,harry and hermik in harry potter potter potter potter potter potter potter potter potter.
5257,a man in a black shirt with a white face and vs harry and hermik from harry potter
5258,a person holding a cigarette.
5259,a person sitting at a table in front of a screen 
5260,a man on a boat with his arms in the air.
5261,a man with a facebook logo on his face.
5262,a man in a suit and tie.
5263,a man in a suit and tie vs a man in a leather jacket 
5264,a group of people sitting at a table.
5265,a church with the sun setting in the background.
5266,the president laughing with a smile on his face.
5267,an old car with a man in the back.
5268,a man kissing a woman.
5269,two kittens playing with each other kittens.
5270,two men shaking hands.
5271,an old man in a hat and sunglasses.
5272,a seal 
5273,a seal  vs a seal
5274,a girl with long brown hair.
5275,a crowd of people at a concert.
5276,"a man with a hat and a hat on his head, "
5277,a guy sitting on a bench.
5278,a minion 
5279,a man in a suit sitting at a desk.
5280,"two cartoon characters, one is pointing at the other, and the other is pointing."
5281,a man with sunglasses on.
5282,harry and hermik from harry potter potter potter potter potter potter potter potter potter.
5283,a woman holding a piece of paper vs harry and hermik in harry's classroom
5284,a man with a goat on his shoulder.
5285,a man with glasses and a microphone that says i don't understand computers but.
5286,a man and a woman sitting on a couch.
5287,a dog in a blue shirt.
5288,a cat sitting in a teep teep teep teep teep tee.
5289,"a man in a suit and tie, "
5290,a cat with an egg on it's back.
5291,a man kissing a woman.
5292,a person in a dinosaur costume.
5293,a person with a hat on.
5294,a man in a suit and tie.
5295,some people with different faces.
5296,a man with a beard.
5297,an old man with a beard and glasses.
5298,an old man with a beard and glasses vs an old man with a long white beard and blue eyes
5299,a man and a woman 
5300,a man in a suit and tie 
5301,a man in a suit sitting at a desk.
5302,a man with a beard and glasses.
5303,a man in a suit pointing at the camera.
5304,a man standing next to a statue.
5305,a man in a blue shirt and vest.
5306,a person holding a bottle.
5307,a baby in a green shirt.
5308,president person 
5309,some people with different faces.
5310,a man in a police uniform.
5311,a police badge and a police car vs a man sitting in a chair
5312,a spider in different poses.
5313,a girl in a fur coat 
5314,a person  vs a woman in a fur coat
5315,a man in a suit and tie.
5316,a cat sleeping in a window.
5317,a minion 
5318,a seal with four different expressions.
5319,two men sitting in a car.
5320,a man in a red shirt holding a white object with smoke coming out of it.
5321,the matrix matrix matrix matrix matrix matrix matrix matrix matrix matrix matrix matrix matrix matrix matrix.
5322,a man with a knife in his hand 
5323,a woman 
5324,a sign that says ` ` ` ` ` ` ` ` ` ` ` `.
5325,a man in a black shirt.
5326,a man and a woman in a car.
5327,a man in a suit pointing at something.
5328,a woman talking to a child.
5329,a man in a suit with his hands up.
5330,a seal 
5331,hitler hitler hitler hitler hitler hitler hitler hitler hitler hitler hitler hitler hitler hitler hitler hitler.
5332,a man and woman holding up a medal.
5333,a man in a suit sitting at a table.
5334,a man sitting at a table.
5335,a baby in a mirror.
5336,a penguin in a video game.
5337,a man in a red shirt 
5338,a woman with a gun and a man in a car.
5339,a woman with a gun and a man in a car vs a man in a car
5340,a man in a suit and tie.
5341,a man in armor with his arms crossed.
5342,the big bang bang bang bang bang bang bang bang bang bang bang bang bang bang.
5343,a baby 
5344,a man wearing a hat.
5345,a man in a suit and tie.
5346,a soccer player being hugged by a camera.
5347,minions the minions are minions the minions are minions the minions are minions the minions are.
5348,a baby sitting in a chair.
5349,a person wearing a top hat.
5350,two men in winter clothes pointing at the camera.
5351,two men smiling for the camera.
5352,a man holding a gun.
5353,some people with different faces.
5354,a frog with a capt.
5355,a man talking on the phone.
5356,a man sitting at a table in front of a computer.
5357,a girl and a guy 
5358,a girl and a guy  vs a cartoon character 
5359,a cartoon character with a mustache.
5360,a woman sitting at a table with a bottle of wine.
5361,a spider in the middle of a room.
5362,a woman sitting in a chair.
5363,a bunch of shoes on a shelf.
5364,harry potters and hermik.
5365,a man with a mustache and mustache.
5366,a woman with her hand on her face.
5367,a group of people 
5368,donald and kim shaking hands.
5369,a man in a suit and tie.
5370,a man in a suit and tie vs some em
5371,a man holding a dog vs a man in a black shirt and white gloves
5372,a man in a tuxed tuxed tuxed tuxed tuxed tuxed.
5373,two harry potters sitting at a table.
5374,a man in a kitchen.
5375,a minion holding a gun.
5376,a woman with a scarf on her head.
5377,a man with tattoos on his chest.
5378,two men shaking hands in front of flags.
5379,a man in a red shirt.
5380,a seal sitting on the ground.
5381,a hippody vs a seal sitting on the ground
5382,a man in a suit sitting at a table with a microphone in front of him.
5383,a baby with a funny expression.
5384,a baby with a towel on it's head.
5385,a man in a restaurant with a cell phone.
5386,a man in a suit and tie.
5387,a smiley face 
5388,a man in a suit and tie.
5389,"a man with long hair and a beard, wearing armor, and holding a sword."
5390,a joker 
5391,a man with glasses and a book.
5392,a door 
5393,a man with his hands in the air.
5394,a man in a bathrobe.
5395,
5396,a minion 
5397,two monkeys 
5398,two men talking to each other man.
5399,two people standing next to each other people.
5400,a man with a fake nose.
5401,a woman holding a cat.
5402,a cat looking up at the camera.
5403,a man in a green shirt 
5404,a girl with a smile on her face.
5405,a man with glasses and a hat.
5406,a cat and an image of a cat.
5407,a cat playing a video game.
5408,a wizard with a long beard.
5409,a man in the middle of nowhere.
5410,a man in a red shirt.
5411,a man with a beard and a beard.
5412,a man with glasses 
5413,a man in a suit standing in front of a bar.
5414,a cartoon cat and a mouse.
5415,a man in a suit and tie.
5416,a man in a suit and tie.
5417,a man with a smile on his face.
5418,a cat 
5419,a man with glasses that says what i do what i do.
5420,a man in a suit sitting at a desk.
5421,"a young girl with long hair, wearing a brown sweater and looking at the camera."
5422,a man with a gun in the woods.
5423,a group of people posing for a picture.
5424,a man in a suit and tie pointing at the camera.
5425,two people standing in front of a birthday cake.
5426,donald and the president.
5427,a man in a suit and tie  vs a man in a suit sitting on a bench
5428,dead dead dead dead dead dead dead dead dead dead dead dead dead dead dead dead.
5429,a monkey in a pink shirt.
5430,a baby monkey in the middle of a picture of a baby monkey in the middle vs a monkey in a pink shirt
5431,a man in a suit and tie pointing at the camera.
5432,a man 
5433,"a man with long hair and a beard,  vs a man looking up at something"
5434,a woman with a cigarette in her mouth.
5435,a cat looking up at the wall.
5436,a man in the snow 
5437,a man holding a teddy bear.
5438,a man in a tuxed tuxed tuxed tuxed tuxed tuxed.
5439,a cat sitting on the ground.
5440,a man in a suit and tie.
5441,president trump giving a speech.
5442,a man standing in a field.
5443,a man sitting at a table.
5444,a seal 
5445,a dead dead dead dead dead dead dead dead dead dead dead dead dead dead dead.
5446,harry and hermik in harry's classroom.
5447,a man in a suit and tie 
5448,two men laughing together.
5449,a girl with braid hair.
5450,a woman and a child.
5451,a man with a white hair 
5452,an old man holding a wand.
5453,gan gan and gan gan in the ho vs an old man with a beard and a hat
5454,a group of people sitting around a campfire.
5455,two people sitting around a fire vs a group of people sitting around a campfire
5456,a cat brushing its hair.
5457,a black and white fish.
5458,a man with long hair and a beard.
5459,"an older man with long hair and a beard,  vs a man and a woman with long hair"
5460,two superheros fighting over a truck.
5461,"a man in a suit and tie,  vs a spider and a truck"
5462,a man in a tuxed tuxed tuxed tuxed tuxed tuxed.
5463,a boy laying on the ground.
5464,a deer laying on the side of a road.
5465,a man sitting on top of a rock.
5466,a minion and a minion saying don't you are what you need.
5467,a penguin in the snow.
5468,a man getting his tattoo done.
5469,a man in a suit sitting at a desk.
5470,a baby 
5471,a man in a minecraft minecraft minecraft minecraft minecraft minecraft.
5472,"a person with a speech bubble vs a man standing in the middle of a field with a speech bubble that says,"
5473,a woman with a hat on her head.
5474,a woman in a wedding dress 
5475,a cat with blue eyes.
5476,"the avengers avengers memes, avengers memes, avengers memes, avengers me."
5477,a man with a beard and a woman with a beard and a man with a.
5478,a woman 
5479,a girl with long hair and a man with long hair and a woman with long.
5480,a man talking on the phone.
5481,a man in a suit and tie.
5482,a woman and a man looking at each other people.
5483,a man and woman looking at each other people vs a man in a white shirt looking at the camera
5484,a black and white cat.
5485,a person in a room with a green hat.
5486,a cat and a mouse.
5487,a cat.
5488,a man talking on the phone.
5489,a young boy 
5490,a man in a suit holding a trophy.
5491,a frog that is laying on the ground.
5492,"a woman with a knife in her hand, and a comic strip strip strip strip."
5493,a bunch of minions 
5494,a man sitting in front of a computer.
5495,a group of children dancing in the dirt.
5496,a seal seal 
5497,a group of people swimming in the water.
5498,michelle bach and michelle bach.
5499,a man in a leather jacket talking to another man in a black leather jacket.
5500,a man holding up a picture of himself.
5501,a baby sitting on the beach 
5502,a minion 
5503,a cat sitting on top of a cat tree.
5504,a cat that is sitting on the floor vs a cat sitting on top of a cat tree
5505,a cat wearing a tia.
5506,a man in a suit and tie.
5507,a man in a fur coat and a woman in a fur coat and a man.
5508,an older man with his hands on his face.
5509,a woman with glasses on.
5510,a girl with long hair.
5511,"a black and white photo frame vs a girl with glasses ona black and white photo frame, a girl with glasses on, a woman in a white dress"
5512,a girl with glasses and
5513,a man 
5514,a man hugging a woman.
5515,yo yo yo yo yo yo yo yo yo yo yo yo yo yo yo yo.
5516,"a man in a suit and tie, "
5517,a spider on a wall.
5518,a penguin and an image of a penguin.
5519,two people looking at a glass ball 
5520,a man in a white shirt and tie.
5521,a kitten sleeping in a basket.
5522,a clown 
5523,a man sitting on top of a car.
5524,two men in suits talking.
5525,a woman holding a bag.
5526,an elephant and a man.
5527,a man wearing sunglasses and a white shirt.
5528,a man in a suit holding a gun.
5529,a minion 
5530,a baby 
5531,a shark 
5532,a cat with a capt.
5533,a man in a suit and tie.
5534,a man and woman sitting in front of an american flag.
5535,a man in a black shirt and hat 
5536,a bunch of superheros.
5537,a penguin 
5538,a man 
5539,a woman with red hair and glasses.
5540,a man in a blue shirt.
5541,a man in a blue shirt vs a man on a swing
5542,a cat holding a baby.
5543,a baby sitting at a table with a beer.
5544,"a man in a suit and tie, "
5545,a group of people eating food.
5546,a woman with a saxophone.
5547,the face you make when someone says ` ` ` ` ` ` ` ` `.
5548,a man in a dark room 
5549,a man in a suit and tie.
5550,a man 
5551,a man wearing a cowboy hat.
5552,a square with a smiley face.
5553,a man with sunglasses on.
5554,two people talking in a room.
5555,a woman in a red sweater vs the big bang
5556,a man in a suit 
5557,a man in a tuxed tuxed tuxed tuxed tuxed tuxed.
5558,a man in a suit holding up a card.
5559,a man in a suit and tie.
5560,a man's legs 
5561,a person with a hat on.
5562,a man and woman sitting at a table.
5563,than than than than than than than than than than than than than than than than.
5564,a man and a woman with different expressions.
5565,a man holding up a flag.
5566,
5567,a group of sesame characters.
5568,a man with a light saber 
5569,a black and white photo of a black and white photo of a black and white vs a person with a light saber
5570,a man and woman talking to each other people.
5571,a man wearing a hat and sunglasses.
5572,guns and guns 
5573,a woman in a dress.
5574,a woman in a pink dress vs a woman in a dress
5575,a man in a white shirt 
5576,a man with a sword in his hand.
5577,a man in a suit and tie.
5578,a man with long hair and a bow tie vs a man in a suit and tie
5579,a shark jumping out of the water.
5580,a shark with its mouth out in the water vs a shark jumping out of the water
5581,a man in a suit pointing at the camera.
5582,a rhino in the middle of a field.
5583,a cat with sunglasses on.
5584,a man in a red shirt 
5585,a woman with red lipstick.
5586,a spider in a room.
5587,two men with green squares on their faces.
5588,a girl and a seal.
5589,a man with a smile on his face.
5590,a man in a suit and tie 
5591,a man in a suit with a gun.
5592,a troll troll troll troll troll troll troll troll troll troll troll troll troll troll troll.
5593,a man talking to another man.
5594,two men laughing at each other man.
5595,the joker and the joker.
5596,a sesame character talking to an elm elm elm elm elm elm elm elm elm elm.
5597,a cat laying on a couch.
5598,a man wearing a hat and glasses.
5599,two cats playing with each other cats.
5600,a man wearing glasses and a suit.
5601,a guy 
5602,a man sitting in a chair.
5603,a man holding a teddy bear.
5604,a young boy holding a teddy bear vs a bear and a man in the woods
5605,a spider and a man in a suit.
5606,the united state government vs spider and spider - man fighting
5607,a person holding an apple.
5608,a man in a tuxed tuxed tuxed tuxed tuxed tuxed.
5609,a person wearing a beanie.
5610,donald and kim.
5611,dead dead dead dead dead dead dead dead dead dead dead dead dead dead dead dead.
5612,two women wearing t - shirts 
5613,a man with glasses on.
5614,a man in a star wars uniform.
5615,dead dead dead dead dead dead dead dead dead dead dead dead dead dead dead dead.
5616,a person in front of a whiteboard 
5617,"a man in a suit and tie, "
5618,a cat 
5619,a man in a suit and tie.
5620,a little girl sitting in a car.
5621,a man in a suit and tie.
5622,the president wiping his nose.
5623,a black cat wearing a tie.
5624,a cartoon character with a purple hair.
5625,a person sitting on a couch.
5626,a person sitting on a couch vs a man sitting on a couch
5627,a woman with headphones on.
5628,a cat with a capt.
5629,a woman holding a sign that says this is what feminist looks like.
5630,a man in a white shirt and a man in a black jacket.
5631,"a man with a beard and a caption that says, ` one fard."
5632,a minion 
5633,person 
5634,the president of the united.
5635,a man in a purple suit talking to another man.
5636,a group of kids sitting around a table.
5637,a man in a crowd of people.
5638,a dead dead dead dead dead dead dead dead dead dead dead dead dead dead dead.
5639,the president smiling for the camera.
5640,a man talking on the phone.
5641,two men shaking hands in front of a fireplace.
5642,a man wearing a top hat and bow tie.
5643,a woman in a silver dress.
5644,a man holding a flag in front of a fire.
5645,harry and hermi and hermi harry and hermi harry and hermi harry.
5646,a man giving a speech.
5647,a group of people standing in front of a wall.
5648,a cartoon character running down a street.
5649,a cartoon character running down a street vs a man with a cigarette in his mouth
5650,a man in a winter coat holding a microphone.
5651,a man in a black shirt 
5652,a cartoon character looking at the window.
5653,a man in a suit and tie.
5654,a man in a suit with his mouth open.
5655,two birds standing in front of a mirror.
5656,a dragon 
5657,a dragon  vs a dinosaur 
5658,a man pointing at the camera.
5659,a man and woman sitting on a couch.
5660,a spider in the middle of a street.
5661,a woman wearing glasses and a green shirt.
5662,two children and a seal.
5663,a girl and a boy with a capt.
5664,a man in a suit sitting at a desk.
5665,a man with a mustache and mustache.
5666,a little girl in a field of flowers.
5667,a person reading a book.
5668,a soldier holding a cup.
5669,a cat inside of a shell.
5670,a couple kissing in the snow.
5671,a cat sitting on a couch.
5672,a boy with a green shirt and a green t - shirt.
5673,the face of a statue.
5674,a cat playing with a christmas wreath.
5675,two men looking at each other men.
5676,a person standing in front of a large wave.
5677,the ocean  vs a person standing in the ocean
5678,a man with a smile on his face.
5679,a man in a suit and tie.
5680,"a man in a red uniform, "
5681,a man in a suit and tie.
5682, vs a man with an egg on his head
5683,a group of people standing in front of a military vehicle.
5684,a person reading a book.
5685,"the prime of india, naji singh singh singh singh singh singh singh singh singh."
5686,a minion 
5687,an old man sitting at a table.
5688,a man sitting at a table with a bottle of beer.
5689,an old man with a long beard and glasses.
5690,a man in a black shirt  vs an old man with a long beard and glasses
5691,a person holding a cat.
5692,president donald and his family.
5693,two men standing next to each other men.
5694,an old man with a bottle of beer.
5695,a man with a stick in his hand.
5696,a man holding a baby.
5697,a group of people sitting around a table.
5698,a man in a suit and tie.
5699,a girl 
5700,a man shooting a basketball ball.
5701,"a man with long hair and beards, "
5702,"a man with long hair and a woman with long hair, both looking at each vs a man with long hair and a beard, "
5703,two minionss hugging each other minionss.
5704,"a girl in a room with vs two minions minions minions, minions memes, minions memes, minions memes"
5705,a man sitting in a chair vs a man in a bar
5706,a man in a suit and tie.
5707,a person standing on a balcony at night.
5708,a cat with a hat on it's head.
5709,a watermel tree 
5710,a watermelon tent under a tree vs a person with their eyes closed 
5711,a woman with long hair and a white turtle neck sweater.
5712,a girl in front of a fire.
5713,two people sitting on a couch.
5714,a man in a suit and tie 
5715,a person holding a piece of food.
5716,a cartoon character  vs a cartoon character holding a banana
5717,a man with long hair and beards vs a man with long hair and a beard
5718,a fish and a clown 
5719,a man holding a painting.
5720,a man wearing glasses and smiling at the camera.
5721,a man with his hands on his head.
5722,a woman dancing with a man in the background.
5723,a man in a red shirt pointing at the camera.
5724,a person reaching into a door.
5725,a man in a blue shirt and tie pointing at the camera.
5726,a man in a suit and tie.
5727,a man in a suit and tie holding a camera.
5728,a man in a suit and tie vs a man in a suit and tie holding a phone
5729,two men vs a man holding a fish
5730,a man in a purple shirt 
5731,a man with his mouth open.
5732,a woman with her hand on her head.
5733,a cat playing with a toy.
5734,a cat sitting on top of a table vs a cat playing with a toy
5735,a man in a suit with a speech bubble above his head vs a man in a suit with a medal
5736,a man laying on a bed.
5737,a man with long hair and a beard.
5738,a minion sitting on a table.
5739,a ship 
5740,a ship in the ocean vs a storm trooper holding a rifle
5741,a person with a hat on.
5742,the avengers avengers memes.
5743,a man with long hair and a beard.
5744,a minion 
5745,a minion 
5746,a man with an evil face 
5747,two minions 
5748,a dog with a hat on it's head.
5749,a man in a suit and tie.
5750,a man in a suit holding a baseball bat.
5751,a man in a suit 
5752,a man in a suit and tie.
5753,a man holding a soccer ball.
5754,a man smoking a cigarette.
5755,a man with money in his hand.
5756,a titanic ship in the ocean.
5757,dead dead dead dead dead dead dead dead dead dead dead dead dead dead dead dead.
5758,a penguin 
5759,a monkey sitting at a computer.
5760,a minion 
5761,two people with red hair and glasses.
5762,a man with long hair.
5763,a man laughing 
5764,a group of people standing in front of a building.
5765,a minion holding a baseball bat.
5766,a man with a dog on his shoulder.
5767,a man in a suit and tie.
5768,a man and woman on the beach.
5769,the joker with his hands up.
5770,a man in uniform talking to another man.
5771,a girl 
5772,a minion 
5773,a man in a suit and tie.
5774,"a man in a suit and tie,  vs a man in a suit and tie"
5775,president trump holding up a sign.
5776,a cartoon character 
5777,a woman holding a gun.
5778,a bald man 
5779,a minion 
5780,a minion with an ice cream cone on it's head.
5781,a man in a black shirt 
5782,a man in a suit and tie.
5783,a guy 
5784,a deadpool with a santa hat on.
5785,a man with a smile on his face.
5786,a dead dead dead dead dead dead dead dead dead dead dead dead dead dead dead.
5787,a man in a suit and tie.
5788,"a man in a suit and tie,  vs a man in a suit and tie"
5789,a hamy with its mouth open.
5790,two men standing next to each other men.
5791,a man with a hat and bow tie.
5792,a man sitting at a desk with a computer.
5793,a baby in a tuxed tuxed tuxed tuxed tuxed tuxed.
5794,a group of people walking down the street.
5795,a man and a woman talking.
5796,a man with a beard  vs a woman with long brown hair and a black dress
5797,a man in a red shirt holding a tablet.
5798,a man in a suit and tie.
5799,a man 
5800,a squirrel laying on the side of a road.
5801, vs a dead animal on the side of the road
5802,"the avengers avengers memes, avengers memes, avengers memes, avengers me."
5803,a man in the water.
5804,a man drinking a cup of coffee.
5805,a man with a beard.
5806,a cat sitting on a couch.
5807,a man with a hat on.
5808,"a man in a suit and tie, "
5809,"two men in suits and ties, one is laughing and the other is laughing."
5810,batman slappinging a woman.
5811,a man with a beard and a picture of a man with a beard.
5812,a woman and a man in avengers.
5813,a man and a woman in avengers vs thor with a hammer in his hand
5814,a man in a suit 
5815, dead vs a spider and deadpool
5816,the face of a man with long hair and beards vs a white background 
5817,a woman in a red dress next to an alien.
5818,a woman in a red dress next to an alien vs the predator
5819,a cat in the grass.
5820,a cat in the snow.
5821,a man in a fur coat.
5822,a man with a smile on his face.
5823,two men in suits talking.
5824,a woman in a fur coat 
5825,two anime characters 
5826,the president smoking a cigarette.
5827,a turtle with a speech bubble bubble bubble bubble bubble bubble bubble bubble bubble bubble bubble.
5828,two men sitting on a bench.
5829,a man in a suit and tie sitting at a table 
5830,a man kneeling on the ground.
5831,a cat and a baby.
5832,a man in a suit standing next to a car.
5833,harry and hermik in harry's house.
5834,a man with a smile on his face.
5835,a man with a toothbrush in his mouth.
5836,a man in a leather jacket 
5837,a man in a leather jacket vs 
5838,a minion 
5839,a cat with a clown face.
5840,two people making sandwiches.
5841,a man in a suit with his arms crossed.
5842,a group of children dancing in the dirt.
5843,dead dead dead dead dead dead dead dead dead dead dead dead dead dead dead dead.
5844,a minion 
5845,a man with a smile on his face.
5846,a man in a red shirt pointing at the camera.
5847,a man with long hair 
5848,a little girl in a pink dress.
5849,the president and first lady of the united.
5850,a house at night 
5851,a man wearing a headset and smiling.
5852,a man with glasses on his face.
5853,a man in a suit sitting at a desk.
5854,a husky dog looking up at the camera.
5855,a cat that is laying down.
5856,a woman with a surprised expression.
5857,harry potter from harry potter potter potter potter potter potter potter potter potter potter potter potter.
5858,a black background 
5859,an older man looking at a laptop.
5860,a minion 
5861,a cat sitting at a table 
5862,a man sitting in a chair with a cat.
5863,a man sitting at a table.
5864,a man sitting in a chair.
5865,a dead dead dead dead dead dead dead dead dead dead dead dead dead dead dead.
5866,a man in a suit and tie.
5867,a pair of scissors on a white surface.
5868,minions from the minions movie.
5869,a group of people in a crowd.
5870,two men laughing at each other man.
5871,a person holding a camera.
5872,a man sitting in the back seat of a car.
5873,a man holding a stick.
5874,a little boy holding a book.
5875,a kid 
5876,a man in a suit sitting on the beach.
5877,a baby sitting at a table with a glass of beer.
5878,"a man in a top hat and top hat, "
5879,the big bangy funny moments.
5880,a man holding a gun.
5881,a cat sitting on the floor.
5882,harry's book cover.
5883,a man with glasses 
5884,a man in a suit sitting at a table.
5885,a person with a creepy look on their face.
5886,a man in a suit and tie.
5887,a group of cartoon characters.
5888,an old man with glasses on.
5889,a man eating a slice of pizza.
5890,a man in a suit and sunglasses talking to another man in a suit.
5891,a meme 
5892,a cat in a plastic container.
5893,a baby sitting on the beach.
5894,the big bang bang bang bang bang bang bang bang bang bang bang bang bang bang.
5895,a man in a vest and vest  vs the big bang
5896,a white background with a black and white
5897,an old man using a laptop.
5898,a man in a suit sitting at a desk.
5899,a person with a phone in their hand.
5900,a man wearing a hat and sunglasses.
5901,a man drinking a beer.
5902,"a man drinking a beer vs a sign that says,'the sinking of the titanic was a miracle to the"
5903,a man climbing up a wall.
5904,"a man falling off the ground, "
5905,a girl with a smile on her face.
5906,a bald man with a cigarette in his mouth.
5907,a man in a suit and tie.
5908,a man and a woman in the middle earth.
5909,a man with a beard 
5910,a man in a suit smiling.
5911,two cats laying on a bed.
5912,a man in a black jacket.
5913,a man holding a confederate flag.
5914,a man and woman talking to each other people.
5915,a shirtless man in the movie.
5916,a man in a suit and tie.
5917,a man in the back seat of a car.
5918,a man in the back seat of a car  vs a man in a car 
5919,two cats playing with each other cats.
5920,a man and woman sitting at a table.
5921,a penguin holding a sword.
5922,a person  vs a penguin holding a sword
5923,a white cat with a capt.
5924,"the avengers avengers memes, avengers memes, avengers comics, avengers memes."
5925,a man with a gun in the water.
5926,a cat 
5927,a baby with a capt.
5928,a girl with a hat on her head.
5929,a basketball player in a red jersey.
5930,two angels with palm trees in the background.
5931,a man in a tuxed tuxed tuxed tuxed tuxed tuxed.
5932,a man in a black shirt 
5933,a man with a gun in his hand vs a man with a gun in his hand 
5934,a man driving a car with a woman behind him.
5935,a woman pointing at the camera.
5936,a cat sitting on top of a box.
5937,a cat that is looking at the camera.
5938,a girl that is smiling.
5939,a man with glasses 
5940,a person with a birthday hat.
5941,a man in a suit smoking a cigarette.
5942,a woman holding a sign.
5943,a baby in a pink shirt.
5944,a cat sitting on top of a cat tree.
5945,a man in a suit and tie 
5946,a man with a drink in his hand.
5947,a man kissing another man on the cheek.
5948,"a woman in a grey shirt and black pants with her hands up, saying keep."
5949,a penguin standing in the snow.
5950,a man in a fur coat holding a sword.
5951,the face of a man 
5952,a man and a woman in a car.
5953,a man in a suit and tie 
5954,a man with a bird in his hand.
5955,a man holding up a trophy.
5956,a man in a tuxed vs a man holding up a trophy
5957,a man singing into a microphone.
5958,a man singing into a microphone vs a man in headphones singing into a microphone
5959,a person with a stick and a person with a stick.
5960,"a yellow background  vs a man with a stick in his hand and a stick in the other hand,"
5961,an older woman 
5962,sponge sponge sponge sponge sponge sponge sponge sponge sponge sponge sponge sponge sponge sponge sponge sponge.
5963,a clown clown clown clown clown clown clown clown clown clown clown clown clown clown clown.
5964,two people in the water.
5965,a man sitting in a chair.
5966,a seal seal 
5967,a man holding a cat.
5968,a man talking to another man.
5969,a woman standing in front of a door.
5970,a minion 
5971,a man in an orange jacket talking on the phone.
5972,a cat 
5973,two men sitting in the back seat of a car.
5974,a man with long white hair 
5975,a man doing a push on a track.
5976,"two green parrots, one with a hooded and the other with a hoodie."
5977,a pig 
5978,dead dead dead dead dead dead dead dead dead dead dead dead dead dead dead dead.
5979," dead vs the avengers and captain marvel comics, marvel comics, person,"
5980,a woman with pink hair.
5981,a girl kissing a boy.
5982,a couple kissing in the library vs a girl 
5983,a man with a beard 
5984,the simpsons on the simpsons show.
5985,a man in a tuxed tuxed tuxed tuxed tuxed tuxed.
5986,a white zipper pouch 
5987,a man wearing sunglasses and holding a book.
5988,a cat sitting on top of a sink.
5989,a man in a suit with his hands up.
5990,donald and hillary hugging.
5991,"donald and hillary hugging vs president person donald and hillary hugging, president person , two police officers standing in front of a house"
5992,avengers and the avengers team.
5993,a man with a mustache in his mouth.
5994,a person with a hat on.
5995,a group of people with their hands in the air.
5996,a minion 
5997,a man and woman talking to each other people.
5998,a man and woman talking to each other people vs a man in a red shirt 
5999,a british flag 
6000,a young boy sitting on the floor.
6001,
6002,a cat and mouse with a baseball bat.
6003,a person 
6004,a girl that is smiling for the camera.
6005,two men in suits sitting at a table.
6006,a man with a fake face.
6007,a man in a suit and tie 
6008,a man in a suit and tie.
6009,some people in a crowd.
6010,people in a crowd with vs a man and a woman with a dog
6011,two people sitting at a table.
6012,a man in a suit and tie.
6013,
6014,bernie sanders and bernie sanders.
6015,a man in a suit and tie.
6016,a group of people standing in front of a tv screen.
6017,a man in a suit and tie.
6018,a man in a suit and tie.
6019,a person dressed as a joker.
6020,a dead dead dead dead dead dead dead dead dead dead dead dead dead dead dead.
6021,a man with an apple in the background.
6022,a man and woman in the woods with
6023,a black and white cat laying on the floor.
6024,a man with his eyes closed.
6025,two green parrots 
6026,a man with a beard sitting on a horse.
6027,a man sitting in front of an indian flag.
6028,a koloa in a tree 
6029,a man sitting in front of a crowd.
6030,a seal 
6031,two stickers 
6032,a person with a hat on.
6033,a man with a flower in his mouth.
6034,a cat with sunglasses and a bottle of wine.
6035,a man looking out from behind a wall.
6036,donald and kim kissing.
6037,trump kissing a man vs donald and kim kissing
6038,two people sitting at a table.
6039,a group of people sitting around a table vs a group of friends
6040,a man hugging a woman in the middle of a room.
6041,"a man in a suit and tie, "
6042,a woman holding a sign.
6043,a black and white cat with green eyes.
6044,donald the trump.
6045,a man drinking water from a glass.
6046,a man in a suit 
6047,a man with no shirt and no shirt.
6048,a pink and blue background 
6049,a woman holding up a sign.
6050,a man in a green background 
6051,a man in a red shirt.
6052,a man holding two guns.
6053,a man holding a sign that says ` ` ` ` ` ` ` ` `.
6054,a man looking at another.
6055,a man talking on the phone.
6056,a man and woman on a tv set.
6057,a baby 
6058,a man in a suit and tie.
6059,a man with a mustache 
6060,a man in a police uniform.
6061,a man in a suit and tie.
6062,a cat 
6063,a man holding a ball.
6064,a classroom 
6065,a man holding a baseball bat.
6066,a man in a suit and tie.
6067,a man in a hat and a woman in a dress 
6068,a man in a suit and tie.
6069,a man in a suit looking at another man in a suit.
6070,two men talking to each other man.
6071,president obama and president trump.
6072,a penguin standing in the snow.
6073,a man 
6074,
6075,an older woman holding a newspaper.
6076,an old woman reading a newspaper vs a woman
6077,"two men, one with a mustache and the other with a mustache."
6078,a man in a suit and tie 
6079,a group of disney princesses.
6080,a man with a sword and a woman with a sword.
6081,a crowd of people.
6082,a man with a beard sitting in front of a blackboard with writing on it.
6083,a man sitting in front of a blackboard vs a man with a beard and a beard
6084,two men standing in a room vs two men standing next to each other men
6085,avengers and the avengers team vs a group of avengers avengers avengers memes
6086,the avengers avengers memes.
6087,two babies in tuxed tuxed tuxed tuxed tuxed tuxed tu.
6088,a man in a suit pointing at the camera.
6089,a baby in a tuxed tuxed tuxed tuxed tuxed tuxed.
6090,a baby in a tuxed tuxed tuxed tuxed tuxed tuxed.
6091,a castle made out of bricks.
6092,a baby in a tuxed tuxed tuxed tuxed tuxed tuxed.
6093,a baby in a car seat.
6094,a person holding a pair of scissors.
6095,a blue background 
6096,a man in a suit and tie.
6097,a group of women sitting in a bar.
6098,a man in a suit sitting at a table.
6099,a man and woman talking to each other people.
6100,a man and woman talking to each other people vs a man in a suit talking to a woman
6101,a man and woman talking to each other people.
6102,a man in a suit and tie.
6103,a man in a suit sitting at a desk.
6104,a man in a suit standing on the beach.
6105,"a man in a suit and tie, "
6106,two men in suits and ties.
6107,a joker 
6108,a man with a beard and a beard.
6109,a man with a blue face 
6110,a man holding a teddy bear.
6111,a man with a hat on.
6112,a man and woman holding a baby.
6113,a man in a tuxed tuxed tuxed tuxed tuxed tuxed.
6114,a man riding on top of a car.
6115,"two people sitting in a crowd, one is holding a book and the other is."
6116,a man with a surprised look on his face.
6117,a child with an alien head.
6118,a black and white
6119,a bald man with sunglasses on.
6120,a man with a white shirt and sunglasses.
6121,a white background 
6122,a chef in the kitchen.
6123,a woman in a black dress and a man in a white suit standing next to.
6124,the face of a guy 
6125,a cat sitting next to a chalkboard.
6126,an older man and an older woman sitting at a table.
6127,a dog in a police car 
6128,dinosaurs in the woods.
6129,a group of people holding hands 
6130,a woman with a sword and a man with a sword.
6131,a woman with a sword and a man with a sword vs a man on a horse with a sword
6132,a man holding a woman's hand.
6133,a person with a hat on.
6134,a man holding a microphone.
6135,a naked man in a room with
6136,a group of people in suits and ties.
6137,a person with a hat on.
6138,an older man wearing glasses and smiling.
6139,a truck 
6140,a person sitting at a desk with a computer.
6141,a cat holding a bunch of money.
6142,a person sitting at a desk.
6143,a group of people cheering.
6144,a man with a cigarette in his mouth.
6145,a person holding a cell.
6146,a man wearing a red hat.
6147,a person wearing a hat.
6148,a computer 
6149,a person sitting at a desk with a computer.
6150,a group of cartoon characters.
6151,a man in a blue shirt 
6152,a man in a red shirt.
6153,a man in a green shirt.
6154,a man in a superman t - shirt 
6155,a man wearing a superman shirt vs a man standing in front of a whiteboard
6156,two men with the same faces vs two people with the same faces
6157,a woman in a white tank top.
6158,a white cat with its mouth open.
6159,a white cat with its mouth open vs a white cat with its back to the camera
6160,a cat sitting on the floor.
6161,a dog laying on a bed.
6162,two cats laying on top of each other cats.
6163,a cat looking up at the camera.
6164,a grey cat 
6165,a cat jumping in front of a mirror.
6166,a cat that is laying down.
6167,a cat and a cat 
6168,a cat and a cat with the capt vs a cat with blue eyes
6169,a cat playing with a toy.
6170,a cat wearing a tie.
6171,a cat and a shark.
6172,a cat that is laying down.
6173,a cat sticking its tongue out.
6174,a cat sitting on top of a couch.
6175,two dogs playing with each other dogs.
6176,a cat sitting on a couch.
6177,a cat wearing a pizza hat.
6178,a cat under a blanket.
6179,a cat hanging on a door.
6180,a cat that is looking at the camera.
6181,a white bird with its hands up.
6182,a white cat with blue eyes vs a white cat with its arms up
6183,a man sitting on a couch talking on a phone.
6184,two people in a kitchen.
6185,a woman in a pink shirt and a man in a black suit.
6186,a man talking to another man.
6187,a man sitting on a couch vs a man and a woman sitting on a bed
6188,a man in a hooded jacket 
6189,a pink background 
6190,a man wearing a cowboy hat.
6191,a man with a knife in his hand.
6192,a man with a beard 
6193,a man in a blue shirt smoking a cigarette.
6194,a man 
6195,a man with a beard vs a man with a beard and a black shirt
6196,a man talking on a phone.
6197,a man in a military uniform.
6198,a man talking on a phone.
6199,a man in a military uniform.
6200,a man with a beard in the middle of a movie.
6201,a man with a lego brick.
6202,a man in military uniform.
6203,a man holding guns in front of an american flag.
6204,two people standing in front of a red curtain.
6205,two people sitting on a couch.
6206,two people standing next to each other people.
6207,a young boy in a yellow shirt.
6208,a woman holding a gun.
6209,person 
6210,a man singing into a microphone.
6211,a man eating a sandwich.
6212,a woman singing into a microphone.
6213,a black and white
6214,homer homer homer homer homer homer homer homer homer homer homer homer homer homer homer homer.
6215,a woman with long blonde hair.
6216,a man wearing a cowboy hat and holding a drink.
6217,a man in a blue shirt.
6218,a man playing a guitar.
6219,a man in a red shirt.
6220,a clown wearing a clown mask.
6221,a clown in a dark room vs construction workers working on a building site
6222,a puffy puffy puffy puffy puffy puffy puffy puff.
6223,dead dead dead dead dead dead dead dead dead dead dead dead dead dead dead dead.
6224,dead dead dead dead dead dead dead dead dead dead dead dead dead dead dead dead.
6225,spider and deadpool 
6226,two women in red and black with
6227,dead dead dead dead dead dead dead dead dead dead dead dead dead dead dead dead.
6228,dead dead dead dead dead dead dead dead dead dead dead dead dead dead dead dead.
6229,dead dead dead dead dead dead dead dead dead dead dead dead dead dead dead dead.
6230,dead dead dead dead dead dead dead dead dead dead dead dead dead dead dead dead.
6231,dead dead dead dead dead dead dead dead dead dead dead dead dead dead dead dead.
6232,dead dead dead dead dead dead dead dead dead dead dead dead dead dead dead dead.
6233,dead dead dead dead dead dead dead dead dead dead dead dead dead dead dead dead.
6234,a man wearing sunglasses and a white shirt.
6235,a man in a suit sitting on a couch.
6236,a man in a tuxed tuxed tuxed tuxed tuxed tuxed.
6237,a man in a cowboy hat and a picture of a man in a cowboy hat.
6238,a man in a tuxed tuxed tuxed tuxed tuxed tuxed.
6239,a dog laying on a blanket.
6240,a dog vs a golf player 
6241,a man in a suit holding a trophy.
6242,a man with a goat on his shoulder.
6243,a man in a white shirt and tie.
6244,two men looking at the camera.
6245,a man in a suit and tie.
6246,an older woman 
6247,"leonardo, the best actor in the oscars."
6248,"leonardo, who is wearing a tuxed tuxed tuxed tuxed tuxed."
6249,a man in a suit and tie.
6250,a man sitting at a desk with a green screen.
6251,a soccer player laying on the ground.
6252,a soccer player laying on the ground vs 
6253,a man with a beard.
6254,a man in a suit talking to another man in a suit.
6255,a man and woman looking at each other people.
6256,a man and woman on twitter.
6257,a group of people standing in front of a building.
6258,two people walking down the street.
6259,a man and woman walking down the street vs two people walking down the street
6260,a baby wearing a bear hat.
6261,a baby drinking a beer.
6262,a baby sitting in a high chair.
6263,a baby 
6264,a man sitting in a chair.
6265,a man in a suit sitting on a chair.
6266,a boy with glasses and a smile.
6267,a man with his hands in the air.
6268,a man with a ring on his finger.
6269,a man in a suit sitting at a table.
6270,a man in a suit sitting at a table.
6271,a bald man with a cigarette in his mouth.
6272,a woman in a red shirt 
6273,a man in a military uniform walking down a hallway.
6274,a man in a suit.
6275,a black background with a white nike logo.
6276,a man with glasses 
6277,a man in a purple suit and hat.
6278,a man in a white t - shirt 
6279,a man and woman talking to each other people.
6280,"three women with pink hair, one is wearing a white shirt and the other is."
6281,a woman wearing glasses and a red dress.
6282,a person jumping over a cliff.
6283,a man drinking a cup of coffee.
6284,a person holding a bottle of liquid.
6285,a woman with long blonde hair.
6286,a woman with long blonde hair.
6287,a man with long hair 
6288,a woman in a white shirt.
6289,a woman in a pink shirt vs a woman in a black dress 
6290,a man in a suit and tie.
6291,a man with a beard and a woman with a beard.
6292,a col col col col col col col col col col col col col col col.
6293,a woman with blonde hair.
6294,a man in a suit pointing at the camera.
6295,a man sitting at a computer.
6296,a man in a helmet 
6297,a woman speaking into a microphone.
6298,three men standing in front of a red background.
6299, vs three men standing in front of a red background
6300,a girl 
6301,a cartoon character holding a flower.
6302,a woman's face 
6303,a man walking down the street.
6304,a man looking at his phone vs a man standing on the street
6305,two minions minions minions minions minions minions minions minions minions minions minions minions minions minions minions.
6306,two men fighting in a living room.
6307,a mushroom and a mushroom 
6308,two children playing with each other children.
6309,a group of people dancing.
6310,a man in a suit pointing at the camera.
6311,a woman with long hair and sunglasses.
6312,a man with a cigarette in his mouth.
6313,a woman talking to a man in a kitchen.
6314,a man and woman sitting on a couch 
6315,a young boy with a smile on his face.
6316,a car that is in the middle of a desert.
6317,a hand holding a remote control.
6318,a man in a red shirt.
6319,a man in a tuxed tuxed tuxed tuxed tuxed tuxed.
6320,a man with spiked hair.
6321,a green bird 
6322,a twitter account 
6323,a man in a suit sitting on a chair.
6324,a man talking on the phone.
6325,a woman peeking out of a door.
6326,a man in a purple suit and hat.
6327,a small dog 
6328,a man with a fire in his hand.
6329,a girl sitting on a couch.
6330,a man playing a guitar.
6331,jesus and a woman in a field.
6332,a poster 
6333,a young boy in a classroom.
6334,a man sitting at a table.
6335,a man in a suit and tie.
6336,a woman sitting at a table with a laptop.
6337,a woman in the bathroom.
6338,a girl and a boy with
6339,a girl 
6340,a man driving in a car.
6341,a man kissing a woman on the bed.
6342,a man kissing a woman on the bed vs a black and white photo 
6343,an astronaut in the sky.
6344,a man with his head in his hands.
6345,a man with a guitar  vs a man with his head in his hands
6346,a boy holding a pot with a plant in it.
6347,a girl with her face close to the camera.
6348,two men sitting at a table.
6349,two men sitting at a table vs a man and a woman sitting at a table
6350,a guy and a girl laughing together.
6351,a girl in a blue shirt.
6352,a woman with blood all over her face.
6353,a man talking to another man.
6354,a man holding a cat.
6355,a man in a suit and tie.
6356,a man in a suit and tie.
6357,a soccer player 
6358,a man kissing a woman.
6359,the many faces of a man.
6360,a man in a suit and tie 
6361,a man in a suit smoking a cigarette.
6362,a man in a suit and tie.
6363,a baby in a tuxed tuxed tuxed tuxed tuxed tuxed.
6364,a baby sitting on the ground.
6365,a man 
6366,two men 
6367,a man in a tuxed tuxed tuxed tuxed tuxed tuxed.
6368,a person holding a sign.
6369,a man with a beard 
6370,a man in a fur coat holding a microphone.
6371,a man in a suit.
6372,a woman holding a bird.
6373,a person standing in front of a building 
6374,a man standing in front of a cave vs a woman standing in front of a man with a sword
6375,a man with a beard laying in bed.
6376,a man with a hat on.
6377,a man in a suit and tie.
6378,a man in a suit and tie vs a man with a gun in his hand
6379,a man with a red circle on his face 
6380,a man in a white shirt with a beard 
6381,person and person from game of thrones.
6382,"a man with a crown on his head vs a man in armor a man with a crown on his head, a man in armor , person and person in the snow"
6383,a woman 
6384,a woman with blonde hair and a man with blonde hair and a man with blonde.
6385,a man in armor 
6386,a tank in the middle of a field.
6387,a man and woman sitting at a table.
6388,a woman riding a horse.
6389,a woman sticking her tongue.
6390,"a man with long hair and beards, "
6391,pope and a picture of the pope.
6392,pope francis and a picture of pope francis vs a man with grey hair
6393,a person sitting on a swing.
6394,a white background  vs a woman in a fur coat
6395,the characters in game of thrones.
6396,a woman standing in front of a table with candles on it.
6397,a man wearing a red hat.
6398,a man with a beard and a beard that says i live it.
6399,a little girl with a pink bow on her head.
6400,a young boy with glasses on.
6401,harry and hermi.
6402,the cover of harry 's harry potter vs harry and hermik from harry potter
6403,a girl with her hands up.
6404,a man with long hair and a beard.
6405,the hp logo vs a monkey 
6406,president trump and a picture of president trump.
6407,president person and a picture of person vs president person 
6408,a man standing in front of a bar vs a man standing in front of a building
6409,a man with glasses 
6410,two young boys with a guitar.
6411,harry and hermik in harry's classroom.
6412,person and person in harry's classroom vs a group of people in a classroom
6413,a man in a hat and glasses.
6414,a cartoon character 
6415, vs a cartoon character 
6416,a man in a black jacket.
6417,a man and woman sitting at a table.
6418,a man with long hair 
6419,a man in a suit and tie.
6420,a person with glasses on.
6421,a group of people in suits and ties.
6422,a group of people in suits and ties vs a group of people standing in front of a building
6423,an old man with a long beard and a long beard.
6424,person and person from the ho vs a man with a long beard and a long beard with a long beard and a
6425,an old man sitting in a chair.
6426,a man in a leather jacket talking to another man.
6427,a man with a smile on his face.
6428,a man with a mustache and mustache.
6429,a man in a suit speaking into a microphone.
6430,chew chew chew chew chew chew chew chew chew chew chew chew chew chew chew chew.
6431,two men laughing at each other man.
6432,a woman  vs two men in suits and ties
6433,a man holding a baby in his arms.
6434,an elderly and an older woman.
6435,a man in the middle of the earth.
6436,a coffee mug 
6437,a man in a suit and tie 
6438,jesus handing a bowl to a man.
6439,a man in a suit and a mask.
6440,a man with a fake fake fake fake fake fake fake fake fake fake fake fake.
6441,a man with a mustache and mustache.
6442,a man in a suit and tie.
6443,a man in a tuxed tuxed tuxed tuxed tuxed tuxed.
6444,a girl and a cat.
6445,two people dressed as jokers.
6446,an older man laughing and holding a microphone.
6447,a man and a woman 
6448,a woman 
6449,a woman wearing a red hat and glasses.
6450,a mexican man in a sombre hat.
6451,the president laughing and laughing.
6452,a woman with blonde hair.
6453,"a woman in a suit and a man in a suit with red, white and."
6454,donald and hillary.
6455,a woman in a suit 
6456,a woman in a suit pointing at the camera.
6457,a woman laying in a hospital bed.
6458,"a man in a suit and tie, "
6459,donald the president pointing at the camera.
6460,donald and hillary.
6461,a young boy 
6462,hillary clinton 
6463,an older man giving a thumbs.
6464,a man in a suit and tie.
6465,a man in a military uniform.
6466,a man with a gun.
6467,a man pointing at a crowd.
6468,a man with a mustache and mustache.
6469,a man in a military uniform.
6470,a man in a suit holding up a card.
6471,a group of men with mustaches.
6472,a man with a crowd behind him.
6473,a man holding a cell.
6474,a man in a suit and tie.
6475,a man in a silver suit.
6476,a group of men sitting in a car.
6477,a man in a military uniform.
6478,a group of people in an old car.
6479,a man standing next to a group of people.
6480,a group of men in uniform.
6481,a man smoking a cigarette.
6482,a man in a suit and tie.
6483,a man in uniform pointing at something.
6484,a cartoon character holding a hamburger.
6485,a man in a suit sitting on a chair 
6486,"a man in a suit and tie,  vs a man in a suit sitting on a chair"
6487,two men in suits and bow ties vs a man in a suit and bow tie
6488,a man in a suit and tie.
6489,a man with sunglasses on.
6490,a man with his mouth open.
6491,a man sitting at a table.
6492,a man 
6493,a man and woman smiling for the camera.
6494,a man with a knife in his mouth.
6495,a man in a suit and tie.
6496,a man with a green mask.
6497,a man with different facial expressions.
6498,the joker and a picture of the joker.
6499,the joker and the joker.
6500,a person dressed as the joker.
6501,the joker in the dark knight movie.
6502,a joker sitting in a chair.
6503,the joker and his clown.
6504,the joker in the joker movie.
6505,a group of people in costumes.
6506,a woman in a batman costume.
6507,a storm trooper and a storm trooper.
6508,the joker in a purple suit and hat.
6509,two people sitting at a table eating food.
6510,two people sitting at a table vs a woman in a classroom 
6511,loki and loki in the avengers universe.
6512,the joker 
6513,a man with a hat on.
6514,a man with spiked hair.
6515,a group of people in a room.
6516,two men sitting at a table.
6517,two men talking to each other men vs two men sitting at a table
6518,a man in a military uniform.
6519,a man in a red shirt and blue cap.
6520,a man in military uniform looking at a computer.
6521,a woman in a police uniform.
6522,a group of people with their hands in the air.
6523,two young men 
6524,"a man in a suit and tie, "
6525,a man with long hair and a beard.
6526,a man in a suit and tie.
6527,a man talking on a cell.
6528,a man sitting at a table with his hand on his face.
6529,a baby on the beach with a capt.
6530,a man sitting at a table with a bottle of beer.
6531,a woman with a cigarette in her mouth.
6532,a man holding a gun.
6533,a man talking on the phone.
6534,a man with a tie and shirt.
6535,a man in a striped shirt.
6536,a man and a woman talking to each other people.
6537,a woman singing into a microphone.
6538,
6539,two men walking in front of a car.
6540,a guy sitting at a table.
6541,a girl talking to a guy.
6542,a man in a suit and tie.
6543,a man talking on the phone.
6544,a woman and a man on a tv.
6545,a man's face 
6546,a man in a suit and tie.
6547,a man in a black coat and a man in a red coat with a gun.
6548,a man standing next to a tree.
6549,a woman eating a chicken.
6550,a child looking at the camera 
6551,a man in a room 
6552,a cartoon character 
6553,a man sitting in front of a camera.
6554,a man walking next to a lizard.
6555,a man with a smile on his face.
6556,a group of men wearing hard hats.
6557,a man in front of a building.
6558,a man in front of a building vs a smiling man
6559,a group of people that are laughing.
6560,a man with a smile on his face.
6561,a man in a suit and tie sitting at a desk.
6562,two women 
6563,a guy with a tongue sticking out of his mouth.
6564,a man in a suit sitting at a table.
6565,the title for you're time.
6566,a man in a suit and tie.
6567,a man talking on the phone.
6568,a man in a suit and tie.
6569,"a man in a suit sitting at a table with flowers vs a man in a suit and tie, "
6570,two men wearing glasses and capes.
6571,a woman with long hair and a man with long hair and a man with long.
6572,a man with long hair and a bow.
6573,a man wearing a helmet.
6574,a person wearing a red jacket.
6575,a person wearing a red jacket vs a man in a red jacket
6576,some people with different facial expressions.
6577,a person on a television.
6578,a cat reading a newspaper.
6579,a man with a beard and an image of a man with a beard and a.
6580,a group of people standing in front of a fire vs a man with a big grin on his face
6581,a sign that says i wouldn.
6582,a man in a suit and hat 
6583,an old man with long white hair and a beard.
6584,"a man with long hair and beards, holding a knife in his hand,."
6585,lord of the wings.
6586,a group of people standing around a table.
6587,a minion 
6588,a minion with headphones on.
6589,a minion holding a sign.
6590,a minion 
6591,a minion holding a coffee cup.
6592,a minion holding a banana.
6593,a minion 
6594,a minion 
6595,a minion 
6596,a minion 
6597,a minion 
6598,two minions minions minions minions minions minions minions minions minions minions minions minions minions minions minions.
6599,a minion 
6600,a minion 
6601,"two minions minions minions, transparent transparent transparent transparent transparent transparent transparent transparent transparent transparent transparent."
6602,"a minion with a nazi flag vs two minions minions minions, transparent"
6603,"three minions minions minions, minions memes, minions memes, minions memes."
6604,a minion and a teddy bear.
6605,a minion holding a beer.
6606,a minion with purple hair.
6607,a minion 
6608,a minion 
6609,a minion in a blue shirt.
6610,a minion 
6611,a minion 
6612,a minion holding an umbrella.
6613,an owl sitting on top of a tree vs an owl holding a umbrella
6614,a minion 
6615,a minion 
6616,a minion 
6617,a minion 
6618,a minion 
6619,a minion 
6620,a minion holding a sign.
6621,a man in a hat 
6622,a man in a suit sitting at a desk.
6623,a woman in the gym.
6624,a woman in a blue suit speaking.
6625,a little girl in a car seat.
6626,a girl with glasses on her face and
6627,a man in a black shirt and sunglasses.
6628,a woman sitting on a couch.
6629,an old man sitting in a chair.
6630,a man in a suit and tie.
6631,a man in ski gear 
6632,a woman with short hair.
6633,a woman in a blue shirt vs a woman wearing a blue top
6634,a woman doing a yoga pose 
6635,a man and woman in a kitchen.
6636,a man and woman in a kitchen vs a woman with a hat on and a picture of a man with a hat on
6637,a black and white poster 
6638,a kid 
6639,a man in a suit sitting in a chair.
6640,a girl with a rainbow in the background.
6641,a dog with a capt.
6642,a man with a mustache and glasses.
6643,"two men sitting in a crowd, one is laughing and the other is laughing."
6644,an old man smoking a cigarette.
6645,a woman in a blue sari sari sari sari sari sar.
6646,two men sitting at a table 
6647,a whiteboard  vs two men sitting at a table
6648,a man speaking into a microphone.
6649,the prime of india 
6650,a man with a beard and glasses.
6651,a man with a beard and glasses.
6652,a man sitting in a red chair.
6653,a boy with a lightning in the background.
6654,a young boy with a smile on his face.
6655,a young boy with a smile on his face vs a girl with a smile on her face
6656,a man pointing at the camera.
6657,an older man with a beer.
6658,a man wearing a hat.
6659,a boy with a laptop.
6660,two people in roman costumes.
6661,a man sitting on a couch with a laptop.
6662,a pie pie 
6663,a minion holding a cup of coffee.
6664,a man with a long beard.
6665,a kid 
6666,a girl with long hair and a smile.
6667,a bunch of birds on a rope.
6668,a fish 
6669,a fish swimming in the ocean.
6670,a turtle swimming in the ocean.
6671,a giant fish with its mouth open.
6672,a blue fish with a capt.
6673,a clown clown clown clown clown clown clown clown clown clown clown clown clown clown clown.
6674,president obama talking on the phone.
6675,the lyrics for the song vs president obama talking on the phone
6676,a man wearing a hat.
6677,the president laughing and smiling.
6678,president obama and vice obama.
6679,a man smiling with the capt.
6680,a man looking out a window at a baby.
6681,president obama and a little girl.
6682,a woman sitting in front of a microphone.
6683,president obama 
6684,a man in a suit and tie.
6685,a man sitting in front of a refrigerator.
6686,the president standing in front of an american flag.
6687,two men in suits talking.
6688,president obama giving a speech.
6689,michelle obama 
6690,a man in a suit and a woman in a business suit sitting at a desk.
6691,a man wearing a hat and holding a cigarette.
6692,president obama and a picture of president obama.
6693,a polar bear and a penguin.
6694,a penguin with a star in the background.
6695,a penguin that says make a penguin me wrong penguin.
6696,a cartoon character 
6697,the simpsons in the simpsons show.
6698,a penguin 
6699,a penguin 
6700,a penguin with two different colors.
6701,a penguin  vs a penguin with a capt
6702,a bear on a log.
6703,three penguins on the beach.
6704,a person in a room.
6705,a penguin swimming in the water.
6706,a penguin 
6707,a cartoon character 
6708,a frog sleeping in bed.
6709,a frog sleeping in bed vs a man in a red shirt
6710,a frog holding a cd.
6711,a frog crying 
6712,a frog 
6713,a frog in a blue shirt.
6714,a frog with a hose vs a white background with a black and white
6715,a frog 
6716,a frog and a frog face.
6717,a cartoon character in a green suit.
6718,a frog reading a book.
6719,a cartoon frog 
6720,a man sitting in a chair with his hands on his face.
6721,a man sitting in a chair with his hands on his face.
6722,a man pointing at the camera.
6723,a young boy holding a gun.
6724,a man in a red shirt pointing at the camera.
6725,a man in a red shirt pointing at the camera vs a man in a pink shirt and a woman in a red shirt 
6726,a woman pointing at a man.
6727,a woman pointing at a man vs a woman in a dress and a man in a suit
6728,a man in a red suit sitting on a chair.
6729,a man in a red shirt pointing at the camera.
6730,a man in a graduation cap and gown.
6731,a man in a red shirt pointing at the camera.
6732,a man in a red uniform.
6733,a man wearing a santa hat.
6734,a man in a red shirt pointing at the camera.
6735,obama and other presidents.
6736,a man with a gun in the grass.
6737,a man in a bowl of chocolate.
6738,a man in a suit and sunglasses.
6739,a man wearing sunglasses and a suit vs a man in a suit and sunglasses
6740,a man in a suit sitting at a table.
6741,a man in a suit pointing at the camera.
6742,a man in a suit pointing at the camera vs a christmas tree 
6743,a group of men in blue robes.
6744,a man in a suit and tie.
6745,a woman in a red dress and a man in a military uniform with a gun.
6746,a man in a boat.
6747,a man in a suit sitting at a desk.
6748,a man in a suit and tie.
6749,a man in a suit and sunglasses.
6750,the president and his wife shaking hands.
6751,"a man in a suit and tie, "
6752,a man riding a horse.
6753,a cat wearing a suit.
6754,a man in a military uniform.
6755,a soldier smoking a cigarette.
6756,an old woman with glasses on.
6757,an old man 
6758,a group of kids playing in the dirt.
6759,a woman holding a sign.
6760,a group of people 
6761,a woman holding a football.
6762,an old woman sitting in a chair.
6763,a man sitting in a train.
6764,a man in a suit and tie.
6765,two women standing at a podium 
6766,a man wearing a straw hat.
6767,a woman wearing glasses 
6768,a man sitting in a chair.
6769,a man in a suit and tie.
6770,a man sitting at a table with a microphone in front of him.
6771,a man with a beard and glasses.
6772,a man holding a microphone 
6773,two men sitting in chairs talking.
6774,a man with glasses smiling.
6775,a person sitting at a desk.
6776,a black and white vs a person sitting at a desk
6777,a man in a suit and tie.
6778,a man in a suit and tie.
6779,a man in a suit and tie vs president person 
6780,donald and hillary.
6781,a woman in a red dress and a man in a suit.
6782,a man in a suit and tie pointing at the camera.
6783,a bowl of cream and a photo of a bowl of cream.
6784,a bowl of cream and a picture of a bowl of cream vs a man in a suit and tie
6785,donald and hillary on the debate.
6786,a man in a suit sitting on a chair.
6787,a person sticking his tongue.
6788,donald the president 
6789,a man talking on the phone.
6790,a man and woman walking in the rain with an umbrella.
6791,a man and woman walking in the rain with an umbrella vs the president walking in the rain
6792,president donald on the debate.
6793,a person in a suit and tie.
6794,"a man in a suit and tie, "
6795,donald and hillary.
6796,president person and president person  vs person and person with
6797,a baby in a green shirt 
6798,
6799,a man in a red shirt pointing at the camera.
6800,a wolf with its mouth open.
6801,a man and a baby.
6802,a man in a suit and tie.
6803,a rad rad rad rad rad rad rad ra.
6804,a man in a suit and tie 
6805,a man in military uniform.
6806,an elderly woman drinking tea.
6807,a man sitting in a chair with his hands on his face.
6808,a person laying on a desk.
6809,a man holding two guns.
6810,a woman smoking a cigarette.
6811,a man with a beard 
6812,a cat laying on a woman's lap.
6813,people walking down the street.
6814,a man standing next to a car vs a group of people walking down a street
6815,a cat 
6816,an old man with a beer.
6817,a man with dread dread dread dread dread dread dread dread dread dread dread dread dread.
6818,a man with glasses 
6819,a man sitting on a bench with a child.
6820,a man in a hat and glasses.
6821,a man sitting at a desk.
6822,a man in a red shirt 
6823,a bear on a log.
6824,"an old man in a suit and tie, "
6825,a man in a red shirt talking to another man.
6826,a woman in a red dress.
6827,a baby drinking a beer.
6828,an old lady sitting in a classroom.
6829,a man holding up a card.
6830,a woman talking to a child.
6831,a girl talking to a boy.
6832,a group of gorillas in the wild.
6833,a woman and a child.
6834,a child holding a gun.
6835,a group of children dancing.
6836,a star wars scene 
6837,a man and woman dancing in the middle of a movie vs a spaceship 
6838,an iceberg and a picture of an iceberg.
6839,a man in a blue shirt and tie.
6840,a man sitting in a chair.
6841,a couple kissing in the snow.
6842,a storm trooper standing in front of a computer.
6843,a man holding up an iphone.
6844,a man with glasses 
6845,a person running on the beach 
6846,a man in a suit and tie.
6847,a man in a suit and tie.
6848,a man in a suit with a mustache vs a man in a suit and tie
6849,a man with glasses on his face.
6850,a shark laying on the ground.
6851,a seal and a seal on a rock.
6852,a small brown animal sitting on the ground.
6853,a seal 
6854,a group of people in a boat.
6855,a young boy 
6856,a man in a suit and tie.
6857,a seal seal with its mouth open.
6858,a seal with its mouth open.
6859,two soldiers on a boat.
6860,two seals in the water.
6861,two seals in the water.
6862,a seal on top of a rock.
6863,a seal with its mouth open.
6864,a man holding a toy.
6865,a seal 
6866,a seal with its mouth open.
6867,a man and a woman in front of a house.
6868,a man and woman looking at each other people.
6869,a man and woman looking at each other people vs a kitchen full of junk
6870,a man and a woman in a landscape.
6871,a man in a red shirt.
6872,a man and a woman kissing.
6873,a man with long hair.
6874,a woman's face 
6875,two men with their mouths open 
6876,a woman sitting on a bed.
6877,people standing in a subway station.
6878,a person holding a balloon.
6879,a baby sitting on the ground.
6880,a baby 
6881,a baby being fed by someone.
6882,a baby laying on a blanket vs a baby that is crying
6883,a man in a suit talking to another man.
6884,a man in a suit holding a glass.
6885,a man in a suit and tie.
6886,a man in a suit and tie.
6887,a man in a suit and tie.
6888,a man in a suit and tie.
6889,a man in a suit sitting at a bar.
6890,a spider flying over a city.
6891,the joker 
6892,a spider 
6893,a spider in the middle of a brick wall.
6894,a spider in a laboratory.
6895,a man in a red jacket and black pants.
6896,a spider on the floor.
6897,a spider on the floor vs a spider sitting on the ground
6898,a spider and a man in a suit.
6899,a woman and a man in a room.
6900,a spider sitting in a box.
6901,dead dead dead dead dead dead dead dead dead dead dead dead dead dead dead dead.
6902, dead vs spider and spider - man kissing
6903,a man and woman in a car vs a man and a woman in a car
6904,a spider 
6905,a spider in the middle of a fire.
6906,a spider holding a cell phone.
6907,a spider 
6908,a man sitting at a desk 
6909,a man with a mohawk on his head.
6910,two soccer players fighting for the ball.
6911,a basketball player 
6912,a man holding a baby.
6913,a group of soccer players.
6914,a soccer player kicking a ball.
6915,a man standing on a soccer field vs a soccer player kicking the ball in the snow
6916,a baseball player holding a bat.
6917,a basketball player 
6918,a man in a suit and tie.
6919,a group of people at a basketball game.
6920,a cat sitting on the floor.
6921,a cat sitting on a couch.
6922,a man in a suit holding a microphone.
6923,a man in a white shirt 
6924,a young boy getting his hair cut.
6925,two men with different colored hair.
6926,a man with a mustache.
6927,a man in a suit talking to another man in a suit.
6928,a child 
6929,iron man from the avengers movie.
6930,the avengers and the avengers.
6931,two men in a car  vs the avengerss
6932,a man with a helmet on 
6933,a woman and a man in avengers 4.
6934,a woman and a man in avengers 4 vs the avengers 4 movie
6935,a man kissing a woman.
6936,"the avengers avengers memes, avengers memes, avengers comics, avengers memes."
6937,avengers avengers memes.
6938,a man in a red jacket 
6939,a baby sitting in a chair.
6940,a baby in a tuxed tuxed tuxed tuxed tuxed tuxed.
6941,a baby in a tuxed tuxed tuxed tuxed tuxed tuxed.
6942,a baby in a tuxed tuxed tuxed tuxed tuxed tuxed.
6943,a baby in a tuxed tuxed tuxed tuxed tuxed tuxed.
6944,a man wearing a hat.
6945,a baby talking on a phone.
6946,a little girl holding a flower.
6947,a man with a helmet on.
6948,a baby in a tuxed tuxed tuxed tuxed tuxed tuxed.
6949,a man holding a glass of wine.
6950,a man in a suit and tie.
6951,a man in a car giving the thumbs.
6952,a man in a suit holding a cell.
6953,a man sitting in a chair.
6954,two men sitting at a table.
6955,a man holding a glass of wine.
6956,a woman with a glass of wine in her hand.
6957,a bunch of men in suits.
6958,a man in a suit and tie.
6959,a man in a suit and tie.
6960,a man and a woman 
6961,a man in a suit and tie.
6962,a man with a funny expression.
6963,a man with a smile on his face.
6964,a baby with a funny face.
6965,a woman in a car 
6966,a man in a suit standing on the beach.
6967,"kobe, a basketball player and a basketball player."
6968,two men in military uniforms.
6969,a man and a woman.
6970,a painting of a man and a woman vs a woman with long hair
6971,a man in a suit and tie.
6972,a bunch of men with different facial expressions.
6973,"a man in a suit and tie, "
6974,a man and a woman with tattoos.
6975,a man holding a phone.
6976,a man vs a twitter post 
6977,a man in a suit walking down a street.
6978,a man in a suit walking down a street vs a man with a beard and a heart
6979,a man with long hair and a beard.
6980,the avengers movie characters.
6981,a man in a costume and a man in a costume vs avengers avengers memes
6982,a white background 
6983,a young boy with a banda on his head.
6984,
6985,a woman 
6986,a man with a beard 
6987,a man holding a woman's hand.
6988,a pink background 
6989,a clock 
6990,a woman jumping with an umbrella in front of a yellow wall.
